-- MySQL dump 10.14  Distrib 5.5.44-MariaDB, for Linux (x86_64)
--
-- Host: localhost    Database: voluntarios
-- ------------------------------------------------------
-- Server version	5.5.44-MariaDB

/*!40101 SET @OLD_CHARACTER_SET_CLIENT=@@CHARACTER_SET_CLIENT */;
/*!40101 SET @OLD_CHARACTER_SET_RESULTS=@@CHARACTER_SET_RESULTS */;
/*!40101 SET @OLD_COLLATION_CONNECTION=@@COLLATION_CONNECTION */;
/*!40101 SET NAMES utf8 */;
/*!40103 SET @OLD_TIME_ZONE=@@TIME_ZONE */;
/*!40103 SET TIME_ZONE='+00:00' */;
/*!40014 SET @OLD_UNIQUE_CHECKS=@@UNIQUE_CHECKS, UNIQUE_CHECKS=0 */;
/*!40014 SET @OLD_FOREIGN_KEY_CHECKS=@@FOREIGN_KEY_CHECKS, FOREIGN_KEY_CHECKS=0 */;
/*!40101 SET @OLD_SQL_MODE=@@SQL_MODE, SQL_MODE='NO_AUTO_VALUE_ON_ZERO' */;
/*!40111 SET @OLD_SQL_NOTES=@@SQL_NOTES, SQL_NOTES=0 */;

--
-- Table structure for table `admins`
--

DROP TABLE IF EXISTS `admins`;
/*!40101 SET @saved_cs_client     = @@character_set_client */;
/*!40101 SET character_set_client = utf8 */;
CREATE TABLE `admins` (
  `idAdmins` int(11) NOT NULL AUTO_INCREMENT,
  `Nombre` varchar(45) NOT NULL,
  `contrasena` varchar(255) NOT NULL,
  PRIMARY KEY (`idAdmins`)
) ENGINE=InnoDB AUTO_INCREMENT=18 DEFAULT CHARSET=utf8;
/*!40101 SET character_set_client = @saved_cs_client */;

--
-- Dumping data for table `admins`
--

LOCK TABLES `admins` WRITE;
/*!40000 ALTER TABLE `admins` DISABLE KEYS */;
INSERT INTO `admins` VALUES (5,'vince','LAr1NI8x4x1457653843d8a2a149d12e48ae0de7218a9a048f03d33e776c8c1aa98d43247d4f1369b737'),(14,'german','KTNS1ihjqp1463155264f384a5a82907562fc36b0426b245422627fa3580d3467be7f559bc341ba72316'),(15,'Sofana','fLfP7gLyZY1476197836c5dbfbdf58c8fec097c81e7ec85ed87c8c0533beac53546ae59a7df545b452d8'),(16,'armando','9ZPoO3cFmR14636677959e0ef5b018b50430ffa819a9e9afc3704eaf31bb9d0b02327080463e9956d668'),(17,'lester','2Lca1NQNu514763699606ea7a3fd347166b2baff67b20d93a0f96fe1dd96f643edf62e47e72f1a5ac9ee');
/*!40000 ALTER TABLE `admins` ENABLE KEYS */;
UNLOCK TABLES;

--
-- Table structure for table `disponibilidad`
--

DROP TABLE IF EXISTS `disponibilidad`;
/*!40101 SET @saved_cs_client     = @@character_set_client */;
/*!40101 SET character_set_client = utf8 */;
CREATE TABLE `disponibilidad` (
  `idDisponibilidad` int(11) NOT NULL AUTO_INCREMENT,
  `Persona_idPersona` int(11) NOT NULL,
  `horaInicio` varchar(45) DEFAULT NULL,
  `horaFinal` varchar(45) DEFAULT NULL,
  `dia` varchar(45) DEFAULT NULL,
  PRIMARY KEY (`idDisponibilidad`),
  UNIQUE KEY `idDisponibilidad_UNIQUE` (`idDisponibilidad`),
  KEY `fk_Disponibilidad_Persona_idx` (`Persona_idPersona`),
  CONSTRAINT `fk_Disponibilidad_Persona` FOREIGN KEY (`Persona_idPersona`) REFERENCES `persona` (`idPersona`) ON DELETE NO ACTION ON UPDATE NO ACTION
) ENGINE=InnoDB AUTO_INCREMENT=808 DEFAULT CHARSET=utf8;
/*!40101 SET character_set_client = @saved_cs_client */;

--
-- Dumping data for table `disponibilidad`
--

LOCK TABLES `disponibilidad` WRITE;
/*!40000 ALTER TABLE `disponibilidad` DISABLE KEYS */;
INSERT INTO `disponibilidad` VALUES (357,33,'8:00 AM','2:00 PM','lunes'),(358,33,'8:00 AM','2:00 PM','martes'),(359,33,'8:00 AM','2:00 PM','miercoles'),(360,33,'8:00 AM','2:00 PM','jueves'),(361,33,'8:00 AM','2:00 PM','viernes'),(372,35,'8:00 AM','5:00 PM','lunes'),(373,35,'8:00 AM','5:00 PM','martes'),(374,35,'8:00 AM','5:00 PM','miercoles'),(375,35,'8:00 AM','5:00 PM','jueves'),(376,35,'8:00 AM','5:00 PM','viernes'),(407,42,'9:30 AM','4:00 PM','lunes'),(408,42,'9:30 AM','4:00 PM','martes'),(409,42,'9:30 AM','4:00 PM','miercoles'),(410,42,'9:30 AM','4:00 PM','jueves'),(411,42,'9:30 AM','4:00 PM','viernes'),(442,47,'8:00 AM','5:00 PM','lunes'),(443,47,'8:00 AM','5:00 PM','martes'),(444,47,'8:00 AM','5:00 PM','miercoles'),(445,47,'8:00 AM','5:00 PM','jueves'),(446,47,'8:00 AM','5:00 PM','viernes'),(447,48,'8:00 AM','5:00 PM','lunes'),(448,48,'8:00 AM','5:00 PM','miercoles'),(449,48,'8:00 AM','5:00 PM','jueves'),(450,48,'8:00 AM','5:00 PM','viernes'),(461,50,'8:00 AM','5:00 PM','lunes'),(462,50,'8:00 AM','5:00 PM','martes'),(463,50,'8:00 AM','5:00 PM','miercoles'),(464,50,'8:00 AM','5:00 PM','jueves'),(465,50,'8:00 AM','5:00 PM','viernes'),(466,51,'8:00 AM','5:00 PM','lunes'),(467,51,'8:00 AM','5:00 PM','martes'),(468,51,'8:00 AM','5:00 PM','miercoles'),(469,51,'8:00 AM','5:00 PM','jueves'),(470,51,'8:00 AM','3:00 PM','viernes'),(474,31,'9:00 AM','4:00 PM','miercoles'),(475,31,'9:00 AM','4:00 PM','jueves'),(476,31,'9:00 AM','4:00 PM','viernes'),(482,36,'8:00 AM','5:00 PM','lunes'),(483,36,'8:00 AM','5:00 PM','martes'),(484,36,'8:00 AM','5:00 PM','miercoles'),(485,36,'8:00 AM','5:00 PM','jueves'),(486,36,'8:00 AM','5:00 PM','viernes'),(487,37,'1:00 PM','5:00 PM','lunes'),(488,37,'8:00 AM','5:00 PM','martes'),(489,37,'8:00 AM','5:00 PM','miercoles'),(490,37,'8:00 AM','5:00 PM','jueves'),(491,37,'8:00 AM','12:00 PM','viernes'),(492,52,'9:00 AM','4:00 PM','lunes'),(493,52,'9:00 AM','2:00 PM','martes'),(494,52,'9:00 AM','4:00 PM','miercoles'),(495,52,'9:00 AM','2:00 PM','jueves'),(496,52,'9:00 AM','2:00 PM','viernes'),(497,53,'6:00 AM','5:00 PM','miercoles'),(498,53,'6:00 AM','5:00 PM','jueves'),(499,53,'6:00 AM','1:00 PM','viernes'),(505,38,'8:00 AM','5:00 PM','lunes'),(506,38,'1:00 AM','5:00 PM','martes'),(507,38,'8:00 AM','5:00 PM','miercoles'),(508,38,'8:00 AM','5:00 PM','jueves'),(509,38,'1:00 AM','5:00 PM','viernes'),(525,55,'8:00 AM','2:30 PM','lunes'),(526,55,'8:00 AM','5:00 PM','martes'),(527,55,'8:00 AM','2:30 PM','miercoles'),(528,55,'8:00 AM','5:00 PM','jueves'),(529,55,'8:00 AM','5:00 PM','viernes'),(530,54,'8:00 AM','5:00 PM','lunes'),(531,54,'8:00 AM','5:00 PM','martes'),(532,54,'8:00 AM','5:00 PM','miercoles'),(533,54,'8:00 AM','5:00 PM','jueves'),(534,54,'8:00 AM','5:00 PM','viernes'),(535,56,'8:00 AM','1:00 PM','lunes'),(536,56,'8:00 AM','1:00 PM','martes'),(537,56,'8:00 AM','1:00 PM','miercoles'),(538,56,'8:00 AM','1:00 PM','jueves'),(539,56,'8:00 AM','1:00 PM','viernes'),(545,58,'8:00 AM','5:00 PM','viernes'),(546,34,'8:00 AM','5:00 PM','lunes'),(547,34,'8:00 AM','5:00 PM','martes'),(548,34,'9:00 AM','5:00 PM','miercoles'),(549,34,'8:00 AM','5:00 PM','jueves'),(550,34,'8:00 AM','5:00 PM','viernes'),(551,45,'8:00 AM','5:00 PM','lunes'),(552,45,'8:00 AM','5:00 PM','martes'),(553,45,'8:00 AM','5:00 PM','miercoles'),(554,45,'8:00 AM','5:00 PM','jueves'),(555,45,'8:00 AM','5:00 PM','viernes'),(556,59,'8:00 AM','12:00 AM','lunes'),(557,59,'8:00 AM','12:00 AM','miercoles'),(558,59,'8:00 AM','12:00 AM','jueves'),(559,59,'8:00 AM','12:00 AM','viernes'),(560,60,'9:00 AM','4:00 PM','lunes'),(561,60,'9:00 AM','4:00 PM','martes'),(562,60,'9:00 AM','4:00 PM','miercoles'),(563,60,'9:00 AM','4:00 PM','jueves'),(564,41,'8:00 AM','5:00 PM','lunes'),(565,41,'8:00 AM','5:00 PM','martes'),(566,41,'8:00 AM','5:00 PM','miercoles'),(567,41,'8:00 AM','5:00 PM','jueves'),(568,41,'8:00 AM','5:00 PM','viernes'),(569,43,'8:30 AM','5:00 PM','lunes'),(570,43,'8:30 AM','5:00 PM','martes'),(571,43,'8:30 AM','5:00 PM','miercoles'),(572,43,'8:30 AM','5:00 PM','jueves'),(573,43,'8:30 AM','5:00 PM','viernes'),(574,40,'9:00 AM','5:00 PM','lunes'),(575,40,'9:00 AM','5:00 PM','martes'),(576,40,'9:00 AM','5:00 PM','miercoles'),(577,40,'9:00 AM','5:00 PM','jueves'),(578,40,'9:00 AM','5:00 PM','viernes'),(579,44,'8:00 AM','5:00 PM','lunes'),(580,44,'8:00 AM','5:00 PM','martes'),(581,44,'8:00 AM','5:00 PM','miercoles'),(582,44,'8:00 AM','5:00 PM','jueves'),(583,44,'8:00 AM','5:00 PM','viernes'),(584,61,'8:00 AM','5:00 PM','martes'),(585,61,'8:00 AM','12:00 AM','miercoles'),(586,57,'8:00 AM','5:00 PM','lunes'),(587,57,'8:00 AM','4:00 PM','martes'),(588,57,'8:00 AM','5:00 PM','miercoles'),(589,57,'8:00 AM','4:00 PM','jueves'),(590,57,'8:00 AM','12:00 AM','viernes'),(600,64,'8:00 AM','12:00 PM','lunes'),(601,64,'8:00 AM','5:00 PM','martes'),(602,64,'8:00 AM','12:00 PM','miercoles'),(603,64,'8:00 AM','5:00 PM','jueves'),(604,64,'8:00 AM','5:00 PM','viernes'),(605,65,'8:00 AM','12:00 PM','lunes'),(606,65,'8:00 AM','12:00 PM','martes'),(607,65,'8:00 AM','12:00 PM','miercoles'),(608,65,'8:00 AM','12:00 PM','jueves'),(609,65,'8:00 AM','12:00 PM','viernes'),(610,66,'8:00 AM','12:00 PM','lunes'),(611,66,'8:00 AM','12:00 PM','martes'),(612,66,'8:00 AM','12:00 PM','miercoles'),(613,66,'8:00 AM','12:00 PM','jueves'),(614,66,'8:00 AM','12:00 PM','viernes'),(615,67,'1:00 PM','5:00 PM','lunes'),(616,67,'1:00 PM','5:00 PM','martes'),(617,67,'1:00 PM','5:00 PM','miercoles'),(618,67,'1:00 PM','5:00 PM','jueves'),(619,67,'1:00 PM','5:00 PM','viernes'),(620,68,'8:00 AM','5:00 PM','lunes'),(621,68,'8:00 AM','5:00 PM','martes'),(622,68,'8:00 AM','5:00 PM','miercoles'),(623,68,'8:00 AM','5:00 PM','jueves'),(624,68,'8:00 AM','5:00 PM','viernes'),(625,69,'8:00 AM','12:00 PM','lunes'),(626,69,'8:00 AM','12:00 PM','martes'),(627,69,'8:00 AM','12:00 PM','miercoles'),(628,69,'8:00 AM','12:00 PM','jueves'),(629,69,'8:00 AM','12:00 PM','viernes'),(630,70,'8:00 AM','5:00 PM','jueves'),(631,70,'8:00 AM','5:00 PM','viernes'),(636,71,'1:00 PM','5:00 PM','lunes'),(637,71,'1:00 PM','5:00 PM','martes'),(638,71,'1:00 PM','5:00 PM','miercoles'),(639,71,'1:00 PM','5:00 PM','jueves'),(640,72,'1:30 PM','4:00 PM','lunes'),(641,72,'1:30 PM','4:00 PM','martes'),(642,72,'1:30 PM','4:00 PM','miercoles'),(643,72,'1:30 PM','4:00 PM','jueves'),(644,32,'8:00 AM','2:00 PM','lunes'),(645,32,'8:00 AM','2:00 PM','martes'),(646,32,'8:00 AM','2:00 PM','miercoles'),(647,32,'8:00 AM','2:00 PM','jueves'),(648,32,'8:00 AM','2:00 PM','viernes'),(649,63,'8:00 AM','12:00 PM','lunes'),(650,63,'8:00 AM','12:00 PM','miercoles'),(651,63,'8:00 AM','12:00 PM','jueves'),(652,62,'8:00 AM','12:00 PM','lunes'),(653,62,'8:00 AM','12:00 PM','miercoles'),(654,62,'8:00 AM','12:00 PM','jueves'),(655,73,'8:00 AM','12:00 PM','lunes'),(666,74,'8:00 AM','5:00 PM','lunes'),(667,74,'8:00 AM','5:00 PM','martes'),(668,74,'8:00 AM','5:00 PM','miercoles'),(669,74,'8:00 AM','5:00 PM','jueves'),(670,74,'8:00 AM','5:00 PM','viernes'),(671,75,'8:00 AM','5:00 PM','lunes'),(672,75,'8:00 AM','5:00 PM','martes'),(673,75,'8:00 AM','5:00 PM','miercoles'),(674,75,'8:00 AM','5:00 PM','jueves'),(675,75,'8:00 AM','5:00 PM','viernes'),(676,76,'8:00 AM','5:00 PM','miercoles'),(677,77,'8:00 AM','5:00 PM','miercoles'),(678,78,'8:00 AM','12:00 PM','lunes'),(679,78,'8:00 AM','12:00 PM','martes'),(680,78,'8:00 AM','12:00 PM','miercoles'),(681,78,'8:00 AM','12:00 PM','jueves'),(682,78,'8:00 AM','12:00 PM','viernes'),(683,79,'8:00 AM','5:00 PM','lunes'),(684,79,'8:00 AM','12:00 PM','martes'),(685,79,'8:00 AM','5:00 PM','miercoles'),(686,79,'8:00 AM','12:00 PM','jueves'),(687,80,'8:00 AM','5:00 PM','lunes'),(688,80,'8:00 AM','5:00 PM','martes'),(689,80,'8:00 AM','5:00 PM','miercoles'),(690,80,'8:00 AM','5:00 PM','jueves'),(691,80,'8:00 AM','5:00 PM','viernes'),(696,81,'10:00 AM','12:00 PM','lunes'),(697,81,'10:00 AM','12:00 PM','martes'),(698,81,'10:00 AM','12:00 PM','miercoles'),(699,81,'10:00 AM','12:00 PM','jueves'),(700,82,'8:00 AM','5:00 PM','lunes'),(701,82,'8:00 AM','5:00 PM','martes'),(702,82,'8:00 AM','5:00 PM','miercoles'),(703,82,'8:00 AM','5:00 PM','jueves'),(704,82,'8:00 AM','5:00 PM','viernes'),(705,83,'8:00 AM','12:00 PM','martes'),(706,83,'8:00 AM','12:00 PM','miercoles'),(707,83,'8:00 AM','12:00 PM','jueves'),(708,83,'8:00 AM','12:00 PM','viernes'),(709,84,'3:00 PM','5:00 PM','lunes'),(710,84,'3:00 PM','5:00 PM','martes'),(711,84,'3:00 PM','5:00 PM','miercoles'),(712,84,'3:00 PM','5:00 PM','jueves'),(713,84,'3:00 PM','5:00 PM','viernes'),(714,85,'9:00 AM','5:00 PM','lunes'),(715,85,'9:00 AM','5:00 PM','martes'),(716,85,'9:00 AM','5:00 PM','miercoles'),(717,85,'9:00 AM','5:00 PM','jueves'),(718,85,'9:00 AM','5:00 PM','viernes'),(721,86,'8:00 AM','5:00 PM','jueves'),(722,86,'8:00 AM','5:00 PM','viernes'),(723,87,'9:00 AM','4:00 PM','lunes'),(724,87,'9:00 AM','4:00 PM','martes'),(725,87,'9:00 AM','4:00 PM','miercoles'),(726,87,'9:00 AM','4:00 PM','jueves'),(727,87,'9:00 AM','4:00 PM','viernes'),(728,88,'9:00 AM','4:00 PM','lunes'),(729,88,'9:00 AM','4:00 PM','martes'),(730,88,'9:00 AM','4:00 PM','miercoles'),(731,88,'9:00 AM','4:00 PM','jueves'),(732,88,'9:00 AM','4:00 PM','viernes'),(733,89,'9:00 AM','4:00 PM','lunes'),(734,89,'9:00 AM','4:00 PM','martes'),(735,89,'9:00 AM','4:00 PM','miercoles'),(736,89,'9:00 AM','4:00 PM','jueves'),(737,89,'9:00 AM','4:00 PM','viernes'),(738,90,'8:30 AM','4:30 PM','lunes'),(739,90,'8:30 AM','4:30 PM','martes'),(740,90,'8:30 AM','4:30 PM','miercoles'),(741,90,'8:30 AM','4:30 PM','jueves'),(742,90,'8:30 AM','4:30 PM','viernes'),(745,91,'8:00 AM','5:00 PM','martes'),(746,91,'8:00 AM','5:00 PM','miercoles'),(747,94,'8:30 AM','4:00 PM','jueves'),(753,95,'9:00 AM','3:30 PM','lunes'),(754,95,'9:00 AM','3:30 PM','martes'),(755,95,'9:00 AM','3:30 PM','miercoles'),(756,95,'9:00 AM','3:30 PM','jueves'),(757,95,'9:00 AM','3:30 PM','viernes'),(763,96,'9:00 AM','12:00 PM','lunes'),(764,96,'9:00 AM','5:00 PM','martes'),(765,96,'9:00 AM','5:00 PM','miercoles'),(766,96,'10:30 AM','3:30 PM','jueves'),(767,96,'9:00 AM','5:00 PM','viernes'),(778,46,'8:00 AM','5:00 PM','lunes'),(779,46,'8:00 AM','5:00 PM','martes'),(780,46,'8:00 AM','5:00 PM','miercoles'),(781,46,'8:00 AM','5:00 PM','jueves'),(782,46,'8:00 AM','5:00 PM','viernes'),(783,97,'12:00 PM','5:00 PM','lunes'),(784,97,'12:00 PM','5:00 PM','martes'),(785,97,'1:00 PM','5:00 PM','miercoles'),(786,97,'12:00 PM','5:00 PM','jueves'),(787,97,'1:00 PM','5:00 PM','viernes'),(788,98,'12:00 PM','5:00 PM','lunes'),(789,98,'1:00 PM','5:00 PM','martes'),(790,98,'12:00 PM','5:00 PM','miercoles'),(791,98,'12:00 PM','5:00 PM','jueves'),(792,98,'1:00 PM','5:00 PM','viernes'),(793,99,'8:00 AM','12:00 PM','lunes'),(794,99,'8:00 AM','12:00 PM','martes'),(795,100,'8:00 AM','5:00 PM','lunes'),(796,100,'8:00 AM','5:00 PM','martes'),(797,101,'8:00 AM','5:00 PM','lunes'),(798,101,'8:00 AM','5:00 PM','martes'),(799,102,'11:00 AM','4:30 PM','lunes'),(800,102,'11:00 AM','4:30 PM','martes'),(801,102,'10:00 AM','4:30 PM','miercoles'),(802,102,'11:00 AM','4:30 PM','jueves'),(803,102,'11:00 AM','4:30 PM','viernes'),(804,103,'1:00 PM','5:00 PM','martes'),(805,103,'1:00 PM','5:00 PM','miercoles'),(806,103,'1:00 PM','5:00 PM','jueves'),(807,103,'1:00 PM','5:00 PM','viernes');
/*!40000 ALTER TABLE `disponibilidad` ENABLE KEYS */;
UNLOCK TABLES;

--
-- Table structure for table `persona`
--

DROP TABLE IF EXISTS `persona`;
/*!40101 SET @saved_cs_client     = @@character_set_client */;
/*!40101 SET character_set_client = utf8 */;
CREATE TABLE `persona` (
  `idPersona` int(11) NOT NULL AUTO_INCREMENT,
  `Nombre` varchar(255) DEFAULT NULL,
  `NoDeCedula` varchar(45) DEFAULT NULL,
  `DireccionDeResidencia` varchar(1024) DEFAULT NULL,
  `Telefono` varchar(45) DEFAULT NULL,
  `CorreoElectronico` varchar(255) DEFAULT NULL,
  `InstitucionAcademica` varchar(255) DEFAULT NULL,
  `CarreraCurso` varchar(255) DEFAULT NULL,
  `Nivel` varchar(45) DEFAULT NULL,
  `DiaInicio` varchar(45) DEFAULT NULL,
  `DiaFinal` varchar(45) DEFAULT NULL,
  `Area` int(11) DEFAULT NULL,
  `Sexo` tinyint(1) DEFAULT NULL,
  `Observaciones` longtext,
  PRIMARY KEY (`idPersona`)
) ENGINE=InnoDB AUTO_INCREMENT=104 DEFAULT CHARSET=utf8;
/*!40101 SET character_set_client = @saved_cs_client */;

--
-- Dumping data for table `persona`
--

LOCK TABLES `persona` WRITE;
/*!40000 ALTER TABLE `persona` DISABLE KEYS */;
INSERT INTO `persona` VALUES (31,'Lia Gabriela Ruiz Montes','001-190995-0048D','Km. 16 carretara a Ticuantepe, vista hermosa Numero 2 casa 9','89331512','lia_ruizm@hotmail.com','UAM','Diplomacia y relaciones internacionales','4','18/05/2016',NULL,5,0,NULL),(32,'Carlos Fernando Argüello Argüello','001-090999-1001V','Reparto Motastepe, Hospital Carlos Roberto Huembes 1/ 2 C abajo','85152299','keekguy@outlook.com','UCA','Ingeniería en Redes y Telecomunicaciones','1','09/05/2016',NULL,7,1,NULL),(33,'Duncan Teryuz Santana Mendoza','001-260399-1006Y','Bo. Batahola Norte, semaforos seminario 1c.s. 1c.E.CA N25','78048640','mteryuz@gmail.com','UNI','Tecnico superior en Computacion','1','09/05/2016',NULL,7,1,NULL),(34,'chayner chayenny sujo morales','607-070997-1001R','VI. RECONCILIACION KATIVO 3C. S. 1C.O','84824221','kiwichay07@outlook.com','Don Bosco','Tecnico superior en Computacion','1','09/09/2014',NULL,7,1,NULL),(35,'jordanka junieth rodriguez mora','001-271195-0042C','Resd.Praderas del doral tercera etapa calle principal casa #806','83821958','jordankarodriguezmora16@hotmail.com','UdeM','Ingenieria en Sistema','4','17/11/2014',NULL,7,0,NULL),(36,'Michael José Urroz Gutiérrez','001-170887-0027N','BO. La parroquia, Estación Policia Nacional 1C al Sur 1/2 al oeste.','84906273','aironman79761@hotmail.com','UCA','Economía Aplicada','5','09/03/2016',NULL,6,1,NULL),(37,'Cynthia Raquel Rodríguez Parajón','441-300894-0003E','Ermita guadalupe media cuadra al sur','87436593','cyn3094@hotmail.com','Universidad Centroamericana','Economía Aplicada','5','15/03/2016',NULL,6,0,NULL),(38,'Cristian Antonio Berrios Méndez','041-241294-0008R','Pali 3C.Sur Jinotepe Carazo','88940051','crixsbm@gmail.com','Universidad Centroamericana','Economía Aplicada','5','06/03/2016',NULL,6,1,NULL),(40,'Alexander Noel osorio gonzalez','001-311092-0017T','Loma linda surtidora el gaston 2c. oeste','82030195','alexnoesel@gmail.com','Centro juvenil don bosco','Computación y programacion','99','17/03/2014',NULL,7,1,NULL),(41,'Hazel Nazarena Rojas Gutierrez','001-120594-0037F','De la rotonda jardines de veracruz 3c al sur, cuadra y media arriba y media al lago','77252404','nazareth.rojasgutierrez@yahoo.com','UNITEC','Mercadeo y publicidad','4','27/03/2014',NULL,7,0,NULL),(42,'jose carlos gomez joaquin','001-091193-0044B','cma. la Borgoña del centro de salud 4c abajo ticuantepe','86792097','jgomezjoaquin@yahoo.com','udem','ing. industrial','4','01/10/2015',NULL,7,1,NULL),(43,'Erick José Leyton Gutiérrez','001-130995-0028T','de las casa pellas acahualinca  dos y media abajo colonia morazan  C 3001','77202432','ejlg1995@gmail.com','UdeM','Ingeniería en Sistemas','1','12/05/2015',NULL,7,1,NULL),(44,'Armando José Bustos','001-040596-0029T','Managua, RUPAP 1 c. abajo, 1 c. sur, 1 c. abajo 1/2 c. sur','85886032','armanjbustos596@gmail.com','Universidad Centroamericana','Ingeniería en Sistemas y Tecnologías de la Información','4','01/12/2014',NULL,1,1,'Primer período de acción voluntaria: diciembre 2014 a marzo 2015 \r\nSegundo período de acción voluntaria: Diciembre 2015'),(45,'Erika Zoraima Martínez Lau','001-260595-0036E','Bo.San Judas, De la Escuela Republica de Panama 1 Cuadra y media al norte','84797480','zoraimalau@hotmail.com','Universidad Centroamericana','Economía Aplicada','5','14/03/2016',NULL,6,0,NULL),(46,'Jonathan Ezequiel Ampié Torrez','001-241194-0044D','Ticuantepe, Bo. Medrano Andino, Alcaldia 2 c. Este','77109701','ajonathanampie@hotmail.com','UdeM','Ingeniería Industrial','3','05/02/2016',NULL,7,1,NULL),(47,'Luis Enrique Martinez Velasquez','001-171290-0019p','Col Morazan casa A87','57224096','e.martinezv10@yahoo.com','UAM','ing. industrial','99','13/05/2016',NULL,7,1,NULL),(48,'Othman Mazen Alhuffash El-hajj','001-101194-0006G','Ciudad Jardin, Casa #L-12','+50588993462','othman_alkhuffash@hotmail.com','Universidad Americana','Global Business','4','03/06/2016',NULL,5,1,NULL),(50,'Isaías Arturo Ramos Cruz','403-091193-0000U','Comarca santa cruz, centro de salud 30 varas al sur. tisma, masaya','76184312','isaiasarturoramoscruz@gmail.com','Universidad de Managua','Ingenieria en Sistemas','4','20/10/2015',NULL,7,1,'El voluntario ha participado en: \r\n\r\n-Reparatón 2016 \r\n-Verificación de componentes\r\n-Entregas'),(51,'Martha Carolina Castro Galeano','001-190396-0016Y','Zona 10, Costado Sur cancha basquetbol, casa no. G13, Ciudad Sandino.','7640-5333','martha.castro@aiesec.net','UCA','Economía','4','07/03/2016',NULL,6,0,NULL),(52,'Linda Isabel Martinez Castro','001-190690-0023J','Villa Reconciliacion, Semf Mayoreo 3C. Oeste, 4C. Norte','+50586745072','mcastro.linda@gmail.com','Universidad Nacional de Ingenieria','Ingeniería en Computación','99','02/09/2015',NULL,1,0,NULL),(53,'Juan Carlos López Díaz','001-210795-0024T','Barrio Hialeah, 3° etapa, 1° calle. De la Rotonda el Periodista 500 mts. al sur, 1 1/2 c. al este.','78984997','tevadelever@hotmail.com','UCA','Economía','5','01/06/2016',NULL,6,1,NULL),(54,'Gabriela Tatiana Espinoza Lopez','001-020794-0024H','Bo. Monseñor Lezcano DDF. Cine leon 1 cuadra al este 2 1/2 cuadras al norte.','81159235','gabbytati94@hotmail.com','Universidad Centroamericana','Economia Aplicada','5','31/05/2016',NULL,6,0,NULL),(55,'Lester Daniel Uriarte Castro','241-021294-0008W','Colonia Villa Tiscapa, primer anden casa #2','89345670','lesteruriartecstr@outlook.com','Universidad Centroamericana','Economia Aplicada','5','31/05/2016',NULL,6,1,NULL),(56,'Lester Iván Mendoza Trejos','361-151294-0009N','Bo. San Judas. Centro de salud, 1c al Sur','82877656','lestermt94@gmail.com','UNAN-Managua','Informática Educativa.','4','08/06/2015',NULL,1,1,NULL),(57,'Yosseling de los Àngeles Quintanilla Tijerino','561-110494-0001W','Bolonia, uniòn fenosa 1c al norte, 1c al este','85538727','lingquintanilla11aries@hotmail.com','Universidad Centroamericana','Economìa aplicada','5','08/03/2016',NULL,6,0,NULL),(58,'Soghand de Kiama Ghadimi Brenes','401-190793-0000F','Masaya, Nicaragua. Barrio San Jerónimo, 2 C.Oeste,1 Norte','85954254','kiamaghadimi@gmail.com','UAM','Diplomacia y Relaciones Internacionales','99','14/01/2016',NULL,5,0,NULL),(59,'Hazel Verónica Sequeira Avalos','523-110387-0000R','Del portón principal del anormal 2c al sur','84021352','hazelsequeiraavalos@gmail.com','UNAN-Managua','Ciencias de la Computación','5','14/03/2016',NULL,7,0,'En constancia hacer una evaluación/puntaje del 0 al 100.'),(60,'Yara Davila Vanegas','281-221093-0016M','Altamira. Del registro de la propiedad 150 metros al lago','84921193','jaradavila@hotmail.es','Universidad Americana','Diplomacia y Relaciones Internacionales','5','10/05/2016',NULL,3,0,NULL),(61,'Ariadnna Jamaiky Espinoza Garcia','441-010193-0004C','km 10 carretera masaya. Residencial villas gaudi casa #36','+50583638510','ariadnnaespinoza@yahoo.com','Universidad Americana','Marketing y Publicidad','99','05/02/2016',NULL,7,0,NULL),(62,'Ramiro José Gurdián Garcia','22661397','Bolonia Embajada de Alemania 2c abajo casa esquinera blanca','+505 88824040','ramirojose0820@gmail.com','Colegio St. Augustine','Secundaria','5','10/06/2016',NULL,7,1,NULL),(63,'Iván Roberto Zelaya Bravo','22663190','De los semaforos del guanacaste, Rto. San Martin casa no. 72','+50589546844','ivanzbwtf@gmail.com','Colegio St. Augustine','Secundaria','5','10/06/2016',NULL,7,1,NULL),(64,'Walkiria Estefany Murillo Torres','001-050596-0013D','Colonia Máximo Jérez, Colegio Luis Alfonso, 1/2 C. al sur.','87796208','walkiriaem55@hotmail.com','American College','Comunicación y Relaciones Públicas','4','04/04/2016',NULL,2,0,NULL),(65,'Leonel Antonio Hernández Aguirrez','570-061087-0001U','Del Comedor Central UNAN, 5 C. al sureste.','88562969','lhernandezaguirrez@yahoo.es','UNAN','Ciencias de la Computación','5','14/03/2016',NULL,7,1,NULL),(66,'Guillermo Joaquín Terán Chamorro','22700391','Lomas de Notre Dame, casa #61. El Mirador','76774321','eteran@ans.edu.ni','American Nicaraguan School','Secundaria','4','17/06/2016',NULL,7,1,NULL),(67,'Leticia Guadalupe Trigueros Vargas','22893071','Rubenia G-15','85580390','rizos2907@gmail.com','Colegio Pierre Marie Curie','Secundaria','2','22/06/2016',NULL,7,0,NULL),(68,'Gaudy Elizabeth Soza Téllez','603-300895-0001P','De donde fue Sandak del Iván Montenegro, 8 C. Sur.','87851386','elizabethsoza2013@hotmail.es','UdeM','Ingeniería en Sistemas','4','17/11/2014',NULL,7,0,NULL),(69,'Luis Alberto Chamorro','001-081098-0007A','Altos de Santo Domingo, casa 91B','77313408','luischamorro1998@hotmail.com','CSA','Secundaria','5','23/06/2016',NULL,7,1,NULL),(70,'Ivania Lucía Paguaga Cuadra','001-060793-0022U','Km. 14 Carretera a Masaya. Lomas de Veracruz, casa# 60.','82401500','ivaniapaguaga@gmail.com','UAM','Derecho','99','23/06/2016',NULL,7,0,NULL),(71,'Katherine Belarmina Gutiérrez Rocha','001-140996-0004P','De Nicalith, 3 1/2 c. Sur.','81336222','gutierrezbelarmina@hotmail.com','UCA','Ingeniería en Sistemas y Tecnologías de la Información','4','23/06/2016',NULL,7,0,NULL),(72,'Lucila Steffani Izaguirre Mejía','441-190395-0006V','De la Rotonda La Virgen, 2 c. Sur, 1 /12 c. abajo.','89694012','izaguirelucilamejia@hotmail.com','UCA','Ingeniería en Sistemas y Tecnologías de la Información','4','23/06/2016',NULL,7,0,NULL),(73,'Edwin Daniel Aragón Hernández','001-290490-0061J','Km. 14 Carretera a Masaya, 2 km. hacia Veracruz. Residencial Eucalipto,casa# 119.','89716501','daniel.aragon.hdz@gmail.com','UAM','Diseño y Comunicación Visual','99','27/06/2016',NULL,7,1,NULL),(74,'Jorge Stadthagen González','001-190300-1020M','Del Club Terraza, 2.8 km. Sur. Casa mano derecha, contiguo al Colegio Caminos.','89119493','jorgestadthagen@gmail.com','Colegio St. Augustine','Secundaria','4','27/06/2016',NULL,7,1,NULL),(75,'Alberto Stadthagen González','001-090299-1013N','Del Club Terraza, 2.8 km. Sur. Casa mano derecha, contiguo al Colegio Caminos.','89120495','adStadthagen@gmail.com','Colegio St. Augustine','Secundaria','5','27/06/2016',NULL,7,1,NULL),(76,'Zwelky Edith Mendoza López','001-090495-0052D','Praderas del Doral. Alameda 4, casa # 69.','82959554','mendoza_zwelky@hotmail.com','UAM','Ingeniería Industrial','5','29/06/2016',NULL,7,0,NULL),(77,'Miguel Ángel Ortiz Acuña','042-201192-0000V','Km. 16 Carretera a Ticuantepe. Residencial Vista Hermosa # 2, casa # 36.','87922781','miangeltiz20@gmail.com','UAM','Ingeniería Industrial','5','29/06/2016',NULL,7,1,NULL),(78,'Emilio Porta','81801834','de ecami dos cudra para ariba una cudra al sur casa numero cuatro','81490092','eportajr@gmail.com','Colegio San Augustin','secundaria','4','01/07/2016',NULL,7,1,NULL),(79,'Massiel Elieth Blandon Escobar','001-151093-0017D','Jardines de Veracruz de la entrada 8 cuadras al sur mano izquierda casa No 4','+50577808959','eliethblandon@hotmail.com','UAM','Marketing y Publicidad','5','04/07/2016',NULL,7,0,NULL),(80,'Luis Gutiérrez','001-271188-0005A','Reparto Shick','84157342','lagm777@gmail.com','UNI','Ingeniería en Computación','99','04/07/2016',NULL,1,1,NULL),(81,'Mario Jose Blanco Ortega','888-290891-0000P','Km. 134 Carretera a Corinto, Chinandega.','89665342','marioj.blanco91@gmail.com','UAM','Ingenieria Industrial','5','29/06/2016',NULL,7,1,NULL),(82,'Edwin Ernesto Figueroa Hernandez','05112009-9','Refugio Ahuachapan, El Salvador.','(503) 61235092','edwin_f7@hotmail.com','Universidad de El Salvador','Ingenieria en Sistemas','3',NULL,NULL,1,1,NULL),(83,'Orlando Diriangén González Sebastiao','888-210191-0001C','Colonia 14 de Septiembre ( Colegio 14 de Septiembre, 5 andenes al sur, casa G #560)','88811139','diriseba@hotmail.com','UAM','Ingeniería Industrial','5','12/07/2016',NULL,7,1,NULL),(84,'Elian Martín Ortega Velásquez','001-230200-1012F','Km. 13 Carretera a Masaya. Reparto Montecarlo, casa #1.','84007940','emov2302@gmail.com','Colegio Teresiano','Secundaria','5','26/07/2016',NULL,7,1,NULL),(85,'Gabriela De Los Ángeles Beteta Vega','001-221098-1006R','De Donde fue el Banco Popular, Monseñor Lezcano, 3C. abajo, 1/2 C. al Lago.','78267303','gabrielabeteta22@outlook.com','UNI','Ingeniería en Computación','1','03/08/2016',NULL,7,0,NULL),(86,'Oscar Ariel Valdivia Rivera','001-130494-0011X','Residencial Villas Italianas, frente al Banco ProCredit.','85137733','ovr_vpsa@iclaro.com.ni','UAM','Administración de empresas','99','11/08/2016',NULL,7,1,NULL),(87,'Flavia Alexandra García Alvarez','361-060996-0003G','De la Iglesia Don Bosco 4 Cuadras abajo','89232944','garciaflavia6@hotmail.com','Universidad Centroamericana','Economia Aplicada','4','18/08/2016',NULL,6,0,NULL),(88,'Gabriela Judith López Gutiérrez','001-220496-0040N','Km. 8.5 Carretera Sur. Del Hotel Ticomo, 2C. al Lago.','85104365','gabypuppy09@hotmail.com','UCA','Economia Aplicada','4','18/08/2016',NULL,6,0,NULL),(89,'Darling Anielka Rodríguez','442-221094-0002R','De los semáforos de ENEL, 300 varas al Sur.','87442080','anielkar7@hotmail.com','UCA','Economia Aplicada','4','18/08/2016',NULL,6,0,NULL),(90,'Cecilia Del Carmen Romero Alemán','001-160890-0015G','Ciudad Sandino. De la Plaza Padre Miguel, 6C. al Sur, 1 1/2C. al Oeste.','88052123','ceci.aleman2009@yahoo.es','UCA','Economia Aplicada','4','22/08/2016',NULL,6,0,NULL),(91,'Carelia Tapia Flores','001-091194-0029E','Altamira no. 274','88184630','careliatapia994@outlook.com','UAM','Ingeniería Industrial','5','06/09/2016',NULL,7,0,'Cumplimiento de Créditos Sociales.'),(92,'Reinaldo Alejandro Sperberg Alemán','888-042199-1000P','Ba, Venezuela, Clinica don Bosco 2C arriba 1C al sur','505 77077433','sperbergreinaldo@gmail.com','UCA','Ing Civil','1','06/09/2016',NULL,7,1,NULL),(93,'Walter Steven Gaitan Gutierrez','001-0710998-1020Y','Ba, Venezuela, Union fenosa central 1/2C al oeste','505 85563699','walterg.steven@gmail.com','UCA','Ing. Redes y Telecomunicaciones','1',NULL,NULL,7,1,NULL),(94,'Arlenin Nejosmen Mendoza Agüero','241-281291-0000L','Portón principal UPOLI 1 anden al lago 1/2 abajo','+505 84075734','arlenin2011@hotmail.com','UAM','Ingeniería Industrial','5','08/09/2016',NULL,7,1,NULL),(95,'Karleydis Azucena Rivera Argueta','241-170994-0006H','Carretera Sur, Km. 11 1/4. Entrada a la Academia de Policía Walter Mendoza, 1C. abajo, 1C. al Lago, 1C. abajo.','57530824','kara-170994@hotmail.com','UCA','Economia Aplicada','4','22/08/2016',NULL,6,0,NULL),(96,'Charlene Nintí Champagne Araica','001-241294-0049Q','Colonia 10 de Junio, B-565.','84947097','ch_ar94@hotmail.com','UAM','Mercadeo','4','08/09/2016',NULL,3,0,NULL),(97,'Rodrigo Antonio González Valdivia','001-290396-0040W','Barrio Camilo Ortega. Del Monumento, 1C al Lago, 1/2 C arriba.','76822435','rodrigogonzalez1996@hotmail.com','UNAN','Ingeniería en Computación','3','16/09/2016',NULL,7,1,NULL),(98,'Félix Aaron Hernández Hernández','001-060198-0012S','Ciudad Sandino, Zona 6. De la Pulpería Romero, 2 C. abajo, 3 C. al Lago.','89029198','felito060198@gmail.com','UNAN','Ingeniería en Computación','3','16/09/2016',NULL,7,1,NULL),(99,'María Brihanccy Vargas Centeno','123-051197-001v','San Sebastian','86188323','mariacentenno@yahoo.es','Universidad de Managua','INGENIERÍA EN SISTEMA','2','30/09/2016',NULL,7,0,NULL),(100,'Hazel Carolina Lezama Morales','001-100398-0013Q','De transportes Tucsa 4c abajo , 1-2 c al sur , 1c abajo','75467951','hazellezamamorales@gmail.com','Universidad de Managua','Ingenieria en Sistemas','2','30/09/2016',NULL,7,0,NULL),(101,'Alondra Catiuska Machado Arauz','001-070499-1018C','del ministerio del trabajo 2 c. y media arriba','89259925','katiuzcamachado@gmail.com','Universidad de Managua','Ingenieria en Sistemas','2','30/09/2016',NULL,7,0,NULL),(102,'Slater Ramses Garcia Perez','001-100996-0049E','de la parmalat 3c al lago 1/2 arriba','+505 88394004','slater.garcia96@gmail.com','UNAN','Ingeniería en Computación','3','05/09/2016',NULL,7,1,NULL),(103,'Alejandra Sarahí Baca Herrera','001-240695-0032C','Colonia 10 de Junio, casa B294','82557516','sarahi.baca@hotmail.com','UAM','Arquitectura','5','04/10/2016',NULL,7,0,NULL);
/*!40000 ALTER TABLE `persona` ENABLE KEYS */;
UNLOCK TABLES;

--
-- Table structure for table `trabajar`
--

DROP TABLE IF EXISTS `trabajar`;
/*!40101 SET @saved_cs_client     = @@character_set_client */;
/*!40101 SET character_set_client = utf8 */;
CREATE TABLE `trabajar` (
  `idTrabajar` int(11) NOT NULL AUTO_INCREMENT,
  `Persona_idPersona` int(11) NOT NULL,
  `tiempo` double DEFAULT NULL,
  `horaInicio` time DEFAULT NULL,
  `horaFinal` time DEFAULT NULL,
  `dia` date DEFAULT NULL,
  PRIMARY KEY (`idTrabajar`),
  UNIQUE KEY `idDisponibilidad_UNIQUE` (`idTrabajar`),
  KEY `fk_Disponibilidad_Persona_idx` (`Persona_idPersona`),
  CONSTRAINT `fk_Disponibilidad_Persona0` FOREIGN KEY (`Persona_idPersona`) REFERENCES `persona` (`idPersona`) ON DELETE NO ACTION ON UPDATE NO ACTION
) ENGINE=InnoDB AUTO_INCREMENT=1511 DEFAULT CHARSET=utf8;
/*!40101 SET character_set_client = @saved_cs_client */;

--
-- Dumping data for table `trabajar`
--

LOCK TABLES `trabajar` WRITE;
/*!40000 ALTER TABLE `trabajar` DISABLE KEYS */;
INSERT INTO `trabajar` VALUES (409,46,6.15,'09:04:51','15:13:49','2016-05-19'),(410,33,6.95,'09:06:12','16:03:23','2016-05-19'),(411,34,6.27,'09:47:58','16:04:05','2016-05-19'),(412,32,NULL,'10:03:12',NULL,'2016-05-19'),(414,47,0.01,'16:02:18','16:02:45','2016-05-19'),(417,33,8.15,'08:51:07','17:00:00','2016-05-20'),(418,32,7.34,'09:09:32','16:29:46','2016-05-20'),(419,46,5.28,'09:29:00','14:45:46','2016-05-20'),(421,34,5.58,'10:25:29','16:00:06','2016-05-20'),(425,33,9.55,'08:36:58','18:09:45','2016-05-23'),(429,34,6.18,'11:08:35','17:19:40','2016-05-23'),(433,33,8.41,'08:35:34','17:00:00','2016-05-24'),(437,33,7.64,'09:21:51','17:00:00','2016-05-26'),(442,48,8.23,'08:27:12','16:41:09','2016-06-03'),(447,50,255.15,NULL,NULL,NULL),(448,50,6.98,'08:44:23','15:43:17','2016-06-03'),(450,51,359,NULL,NULL,NULL),(453,36,343.5,NULL,NULL,NULL),(454,37,251.15,NULL,NULL,NULL),(455,41,3.44,'10:33:40','14:00:00','2016-06-06'),(458,44,6.81,'10:37:08','17:25:26','2016-06-06'),(459,52,NULL,'10:43:00',NULL,'2016-06-06'),(460,38,8.46,'08:30:29','16:57:57','2016-06-06'),(461,53,29,NULL,NULL,NULL),(462,53,9.18,'08:20:52','17:31:25','2016-06-06'),(464,38,152.9,NULL,NULL,NULL),(465,37,8.59,'08:00:56','16:36:10','2016-06-07'),(466,38,10.01,'08:09:05','18:09:35','2016-06-07'),(467,45,8.4,'08:09:34','16:33:44','2016-06-07'),(468,37,9,'06:00:00','15:00:00','2016-06-06'),(469,54,50,NULL,NULL,NULL),(471,55,42,NULL,NULL,NULL),(472,54,9.38,'08:00:19','17:23:08','2016-06-07'),(473,55,9.09,'08:00:32','17:05:43','2016-06-07'),(474,44,8.19,'09:01:22','17:12:44','2016-06-07'),(475,56,256,NULL,NULL,NULL),(476,56,3.51,'09:09:47','12:40:20','2016-06-07'),(477,57,8.37,'08:00:35','16:22:43','2016-06-07'),(478,33,8.44,'09:13:35','17:40:01','2016-06-07'),(479,58,200,NULL,NULL,NULL),(480,58,NULL,'09:21:49',NULL,'2016-06-07'),(481,34,280,NULL,NULL,NULL),(482,34,6.55,'09:26:58','16:00:00','2016-06-07'),(483,45,297,NULL,NULL,NULL),(484,53,7.25,'10:08:40','17:23:53','2016-06-07'),(485,59,81.5,NULL,NULL,NULL),(486,59,3.48,'10:00:40','13:29:18','2016-06-07'),(487,60,120,NULL,NULL,NULL),(488,60,7,'09:00:00','16:00:00','2016-06-07'),(489,41,2600,NULL,NULL,NULL),(490,41,6.48,'10:00:59','16:30:00','2016-06-07'),(491,43,1200,NULL,NULL,NULL),(492,43,7.4,'10:00:37','17:24:23','2016-06-07'),(493,40,2600,NULL,NULL,NULL),(495,40,5.73,'10:20:35','16:04:22','2016-06-07'),(496,44,800,NULL,NULL,NULL),(498,36,3.68,'13:31:36','17:12:20','2016-06-07'),(499,44,0.01,'17:12:44','17:13:02','2016-06-07'),(500,55,6.98,'07:36:17','14:34:52','2016-06-08'),(501,37,9.34,'08:03:00','17:23:28','2016-06-08'),(502,33,9.82,'08:10:40','18:00:00','2016-06-08'),(503,48,8.69,'08:11:03','16:52:32','2016-06-08'),(504,45,9.01,'08:18:47','17:19:22','2016-06-08'),(505,43,NULL,'08:19:58',NULL,'2016-06-08'),(506,36,8.98,'08:21:07','17:19:43','2016-06-08'),(507,61,4,NULL,NULL,NULL),(508,61,8.29,'08:36:22','16:53:28','2016-06-08'),(509,54,8.73,'08:39:15','17:23:09','2016-06-08'),(510,51,8.52,'08:51:10','17:22:23','2016-06-08'),(511,57,8.17,'09:12:29','17:22:42','2016-06-08'),(512,57,283.5,NULL,NULL,NULL),(513,38,8.05,'09:21:00','17:23:48','2016-06-08'),(514,40,6.77,'09:45:35','16:31:29','2016-06-08'),(515,34,4.35,'09:53:42','14:14:40','2016-06-08'),(516,60,6.98,'09:00:50','15:59:22','2016-06-08'),(517,41,6.77,'10:10:05','16:56:13','2016-06-08'),(518,53,3.98,'13:20:06','17:19:00','2016-06-08'),(519,55,9.12,'07:59:05','17:06:29','2016-06-09'),(520,45,9.67,'08:19:57','18:00:00','2016-06-09'),(521,37,8.75,'08:20:18','17:05:24','2016-06-09'),(522,48,8.17,'08:21:50','16:31:46','2016-06-09'),(523,54,8.72,'08:22:19','17:05:42','2016-06-09'),(524,43,9.33,'08:30:36','17:50:23','2016-06-09'),(525,60,7.46,'08:32:37','16:00:00','2016-06-09'),(526,56,3.87,'08:35:17','12:27:13','2016-06-09'),(527,44,8.44,'08:36:16','17:02:27','2016-06-09'),(528,36,8.87,'08:37:52','17:30:00','2016-06-09'),(529,38,8.38,'08:48:34','17:11:19','2016-06-09'),(530,57,7.32,'08:53:22','16:12:34','2016-06-09'),(531,61,6.11,'09:27:41','15:34:07','2016-06-09'),(532,34,4.59,'09:40:38','14:16:12','2016-06-09'),(533,40,5.81,'09:58:36','15:47:22','2016-06-09'),(534,33,3.91,'10:08:21','14:02:43','2016-06-09'),(535,41,4.27,'10:22:06','14:38:15','2016-06-09'),(536,53,6,'11:00:18','17:00:00','2016-06-09'),(537,55,9.2,'07:54:31','17:06:37','2016-06-10'),(538,37,9.43,'07:54:52','17:20:44','2016-06-10'),(539,45,9.48,'08:02:14','17:30:44','2016-06-10'),(540,57,8.79,'08:12:29','17:00:00','2016-06-10'),(541,62,3.52,'08:24:53','11:56:03','2016-06-10'),(542,54,9.71,'08:25:35','18:08:09','2016-06-10'),(543,44,8.57,'08:32:07','17:06:02','2016-06-10'),(544,43,7.61,'08:32:22','16:09:11','2016-06-10'),(545,36,8.92,'08:35:02','17:30:25','2016-06-10'),(546,63,3.34,'08:36:16','11:56:23','2016-06-10'),(547,51,9.26,'08:44:37','18:00:00','2016-06-10'),(548,48,6.91,'08:49:46','15:44:35','2016-06-10'),(549,53,6.01,'09:16:26','15:17:07','2016-06-10'),(550,56,3.27,'09:18:24','12:34:52','2016-06-10'),(551,38,8.77,'09:22:12','18:08:27','2016-06-10'),(552,36,7,'06:00:00','13:00:00','2016-03-08'),(553,36,7,'06:00:00','13:00:00','2016-03-09'),(554,40,5.94,'10:12:12','16:08:18','2016-06-10'),(555,41,5.81,'10:21:16','16:09:35','2016-06-10'),(557,36,7,'06:00:00','13:00:00','2016-03-10'),(558,64,320,NULL,NULL,NULL),(559,64,6.53,'08:30:22','15:02:20','2016-06-10'),(560,36,4,'08:00:00','12:00:00','2016-03-11'),(561,36,4,'08:00:00','12:00:00','2016-03-14'),(562,36,4,'08:00:00','12:00:00','2016-03-15'),(563,36,4,'08:00:00','12:00:00','2016-03-16'),(564,36,7,'08:00:00','15:00:00','2016-03-17'),(565,36,4,'08:00:00','12:00:00','2016-03-18'),(566,36,4,'08:00:00','12:00:00','2016-03-28'),(567,36,4,'13:00:00','17:00:00','2016-03-29'),(568,36,3.75,'08:15:00','12:00:00','2016-03-30'),(569,36,3.75,'08:15:00','12:00:00','2016-03-30'),(570,36,8.25,'08:00:00','16:15:00','2016-03-31'),(571,36,8,'08:00:00','16:00:00','2016-04-04'),(572,36,8,'08:00:00','16:00:00','2016-04-04'),(574,36,8,'08:00:00','16:00:00','2016-04-05'),(576,36,7,'08:00:00','15:00:00','2016-04-07'),(577,36,4,'08:00:00','12:00:00','2016-04-08'),(578,36,9,'08:00:00','17:00:00','2016-04-11'),(579,36,3,'14:00:00','17:00:00','2016-04-12'),(580,36,9,'08:00:00','17:00:00','2016-04-13'),(581,36,4,'13:00:00','17:00:00','2016-04-14'),(582,36,4,'08:00:00','12:00:00','2016-04-15'),(583,36,9,'08:00:00','17:00:00','2016-04-18'),(584,36,8,'08:00:00','16:00:00','2016-04-19'),(585,36,8,'08:00:00','16:00:00','2016-04-19'),(586,36,7,'08:00:00','15:00:00','2016-04-20'),(587,36,4,'13:00:00','17:00:00','2016-04-21'),(588,36,3.5,'09:30:00','13:00:00','2016-04-22'),(589,36,4,'13:00:00','17:00:00','2016-04-25'),(590,36,8,'08:00:00','16:00:00','2016-04-26'),(591,36,9,'08:00:00','17:00:00','2016-04-27'),(592,36,9,'08:00:00','17:00:00','2016-04-28'),(593,36,9,'08:00:00','17:00:00','2016-05-03'),(595,36,4,'13:00:00','17:00:00','2016-05-04'),(596,36,9,'08:00:00','17:00:00','2016-05-05'),(597,36,9,'08:00:00','17:00:00','2016-05-06'),(598,36,9,'08:00:00','17:00:00','2016-05-09'),(599,36,9,'08:00:00','17:00:00','2016-05-10'),(600,36,9,'08:00:00','17:00:00','2016-05-11'),(601,36,12,'06:00:00','18:00:00','2016-05-12'),(602,36,12,'06:00:00','18:00:00','2016-05-12'),(603,36,9,'08:00:00','17:00:00','2016-05-13'),(604,36,9.5,'08:00:00','17:30:00','2016-05-16'),(605,36,10,'08:00:00','18:00:00','2016-05-17'),(606,36,10,'08:00:00','18:00:00','2016-05-17'),(607,36,10,'07:00:00','17:00:00','2016-05-18'),(608,36,9.5,'08:00:00','17:30:00','2016-05-19'),(609,36,10,'08:00:00','18:00:00','2016-05-20'),(610,36,11,'06:00:00','17:00:00','2016-05-23'),(611,36,11,'06:00:00','17:00:00','2016-05-24'),(612,36,12,'06:00:00','18:00:00','2016-05-25'),(613,36,9,'08:00:00','17:00:00','2016-05-26'),(614,36,9,'08:00:00','17:00:00','2016-05-27'),(615,36,10.5,'06:00:00','16:30:00','2016-05-31'),(616,36,10.5,'06:00:00','16:30:00','2016-05-31'),(617,36,11,'06:00:00','17:00:00','2016-06-01'),(618,36,9,'08:00:00','17:00:00','2016-06-02'),(619,36,11,'06:00:00','17:00:00','2016-06-03'),(620,36,6.5,'08:00:00','14:30:00','2016-06-06'),(621,32,NULL,'11:28:02',NULL,'2016-06-10'),(622,65,75,NULL,NULL,NULL),(623,62,3.98,'07:58:27','11:57:00','2016-06-13'),(624,63,3.97,'07:58:39','11:57:00','2016-06-13'),(625,44,NULL,'07:58:49',NULL,'2016-06-13'),(626,64,NULL,'08:14:08',NULL,'2016-06-13'),(627,55,6.37,'08:14:29','14:36:42','2016-06-13'),(628,45,7.75,'08:14:52','16:00:00','2016-06-13'),(629,56,NULL,'08:33:22',NULL,'2016-06-13'),(630,33,5.48,'08:33:42','14:02:36','2016-06-13'),(631,51,8.21,'08:47:26','17:00:00','2016-06-13'),(632,54,8.37,'08:47:41','17:10:00','2016-06-13'),(633,36,7.98,'09:16:21','17:15:00','2016-06-13'),(634,60,5.68,'09:19:21','15:00:00','2016-06-13'),(635,53,8.61,'09:23:08','18:00:00','2016-06-13'),(636,41,6.59,'10:17:51','16:53:27','2016-06-13'),(637,40,5.92,'10:18:04','16:13:23','2016-06-13'),(638,38,3.66,'13:30:07','17:10:00','2016-06-13'),(639,45,7.91,'08:01:29','15:55:59','2016-06-14'),(640,55,8.03,'08:06:00','16:07:38','2016-06-14'),(641,37,8.7,'08:17:54','17:00:00','2016-06-14'),(642,36,7.78,'08:18:45','16:05:30','2016-06-14'),(643,38,8.88,'08:19:05','17:12:00','2016-06-14'),(644,64,NULL,'08:41:12',NULL,'2016-06-14'),(645,60,7.23,'08:53:35','16:07:19','2016-06-14'),(646,51,7.05,'09:12:10','16:15:11','2016-06-14'),(647,62,4.01,'07:57:51','11:58:13','2016-06-15'),(648,63,4.01,'07:58:02','11:58:29','2016-06-15'),(649,55,4.2,'07:58:20','12:10:11','2016-06-15'),(650,37,8.65,'08:08:35','16:47:45','2016-06-15'),(651,45,9.26,'08:20:38','17:36:00','2016-06-15'),(652,36,8.91,'08:43:50','17:38:11','2016-06-15'),(653,54,8.03,'08:47:50','16:49:49','2016-06-15'),(654,51,8.02,'08:48:10','16:49:26','2016-06-15'),(655,56,3.63,'09:04:19','12:42:08','2016-06-15'),(656,33,8.11,'09:21:29','17:28:05','2016-06-15'),(657,64,7.22,'09:29:49','16:43:07','2016-06-15'),(658,40,6.62,'09:34:19','16:11:43','2016-06-15'),(659,57,6.07,'09:35:15','15:39:28','2016-06-15'),(660,34,7.82,'09:39:47','17:29:08','2016-06-15'),(661,41,NULL,'09:40:43',NULL,'2016-06-15'),(662,38,6.21,'09:52:22','16:05:15','2016-06-15'),(663,53,7.26,'10:19:10','17:34:47','2016-06-15'),(664,43,NULL,'15:46:10',NULL,'2016-06-15'),(665,62,4.11,'07:52:04','11:58:46','2016-06-16'),(666,63,4.11,'07:52:16','11:59:06','2016-06-16'),(667,55,9.21,'07:59:07','17:11:52','2016-06-16'),(668,37,9.23,'08:01:20','17:14:52','2016-06-16'),(669,64,8.04,'08:20:46','16:23:12','2016-06-16'),(670,45,9.01,'08:25:18','17:26:07','2016-06-16'),(671,56,3.99,'08:32:35','12:31:57','2016-06-16'),(672,36,8.51,'08:47:56','17:18:44','2016-06-16'),(673,54,0.04,'08:59:41','09:02:20','2016-06-16'),(674,60,NULL,'09:02:43',NULL,'2016-06-16'),(675,60,3,'14:00:00','17:00:00','2016-06-15'),(676,43,0,'09:18:33','09:18:35','2016-06-16'),(677,43,7.39,'09:18:37','16:41:49','2016-06-16'),(679,53,NULL,'09:46:15',NULL,'2016-06-16'),(680,40,7.14,'09:48:09','16:56:46','2016-06-16'),(681,57,6.24,'10:25:58','16:40:34','2016-06-16'),(682,38,NULL,'10:43:43',NULL,'2016-06-16'),(683,34,4.47,'12:37:04','17:05:06','2016-06-16'),(684,37,4,'13:00:00','17:00:00','2016-06-13'),(686,57,4,'13:15:00','17:15:00','2016-06-13'),(687,54,6.7,'10:30:00','17:12:00','2016-06-14'),(689,54,0.02,'17:16:58','17:18:12','2016-06-16'),(690,38,9.74,'08:03:14','17:47:35','2016-06-17'),(691,37,9.16,'08:03:31','17:13:01','2016-06-17'),(692,36,9.87,'08:03:58','17:55:59','2016-06-17'),(693,33,9.21,'08:09:23','17:21:58','2016-06-17'),(694,55,8.16,'08:09:55','16:19:17','2016-06-17'),(695,45,9.04,'08:10:49','17:13:17','2016-06-17'),(696,57,8.91,'08:20:03','17:14:34','2016-06-17'),(697,54,9.49,'08:20:15','17:49:48','2016-06-17'),(698,34,8.95,'08:20:48','17:17:46','2016-06-17'),(699,66,3.19,'08:48:22','12:00:00','2016-06-17'),(700,53,8.56,'09:20:15','17:54:00','2016-06-17'),(701,41,7.06,'09:49:58','16:53:47','2016-06-17'),(702,43,NULL,'10:14:11',NULL,'2016-06-17'),(703,44,9.92,'08:16:17','18:11:22','2016-06-20'),(704,55,6.43,'08:16:19','14:42:19','2016-06-20'),(705,62,3.67,'08:16:35','11:56:57','2016-06-20'),(706,63,3.69,'08:16:47','11:58:04','2016-06-20'),(707,66,3.51,'08:17:03','11:47:55','2016-06-20'),(709,45,9.82,'08:20:26','18:09:20','2016-06-20'),(710,64,3.65,'08:22:15','12:01:09','2016-06-20'),(711,38,9.65,'08:30:58','18:10:15','2016-06-20'),(712,56,NULL,'08:31:31',NULL,'2016-06-20'),(713,54,0.03,'08:48:15','08:50:07','2016-06-20'),(714,54,8.17,'08:52:22','17:02:51','2016-06-20'),(715,40,NULL,'09:17:57',NULL,'2016-06-20'),(716,36,8.7,'09:26:48','18:08:57','2016-06-20'),(717,53,0,'09:44:18','09:44:20','2016-06-20'),(718,41,NULL,'09:47:07',NULL,'2016-06-20'),(719,53,8.36,'09:48:53','18:10:35','2016-06-20'),(720,57,7.83,'10:20:13','18:09:49','2016-06-20'),(722,44,0.01,'18:11:22','18:11:42','2016-06-20'),(723,44,0,'18:11:43','18:11:56','2016-06-20'),(724,55,8.65,'08:00:05','16:39:18','2016-06-21'),(725,33,9.61,'08:00:48','17:37:09','2016-06-21'),(726,38,10,'08:03:41','18:03:40','2016-06-21'),(727,36,0,'08:04:55','08:05:00','2016-06-21'),(728,45,8.92,'08:08:55','17:03:58','2016-06-21'),(729,37,8.91,'08:09:08','17:03:43','2016-06-21'),(730,36,8.81,'08:14:06','17:02:30','2016-06-21'),(731,64,8.57,'08:26:13','17:00:19','2016-06-21'),(732,56,NULL,'08:51:44',NULL,'2016-06-21'),(733,60,7.66,'08:59:03','16:38:44','2016-06-21'),(734,53,8.71,'09:21:03','18:03:21','2016-06-21'),(735,57,6.64,'09:27:48','16:06:13','2016-06-21'),(736,40,6.9,'09:52:55','16:47:01','2016-06-21'),(737,41,NULL,'11:22:52',NULL,'2016-06-21'),(738,33,10.57,'07:37:24','18:11:44','2016-06-22'),(739,63,4.26,'07:44:31','12:00:14','2016-06-22'),(740,62,4.29,'07:44:43','12:02:23','2016-06-22'),(741,37,10.11,'08:04:14','18:10:42','2016-06-22'),(742,55,6.51,'08:10:29','14:41:22','2016-06-22'),(743,45,7.7,'08:13:01','15:55:15','2016-06-22'),(744,36,9.96,'08:13:22','18:10:59','2016-06-22'),(745,57,9.49,'08:39:55','18:09:22','2016-06-22'),(746,54,9.48,'08:40:51','18:09:54','2016-06-22'),(747,64,7.61,'08:43:15','16:20:07','2016-06-22'),(748,60,6.07,'08:56:37','15:00:40','2016-06-22'),(749,56,0.44,'08:58:26','09:24:32','2016-06-22'),(750,53,8.85,'09:24:48','18:15:42','2016-06-22'),(751,34,5.83,'09:25:20','15:14:55','2016-06-22'),(752,40,6.08,'10:04:07','16:08:57','2016-06-22'),(753,41,0,'10:06:07','10:06:07','2016-06-22'),(754,38,7.6,'10:53:00','18:29:14','2016-06-22'),(755,56,NULL,'12:39:23',NULL,'2016-06-22'),(756,43,1.8,'14:00:00','15:48:06','2016-06-22'),(758,41,NULL,'16:24:32',NULL,'2016-06-22'),(759,67,3,'14:00:15','17:00:00','2016-06-22'),(760,68,1000,NULL,NULL,NULL),(761,68,7.76,'11:06:24','18:52:16','2016-06-22'),(762,69,4.41,'07:41:54','12:06:12','2016-06-23'),(763,55,9.07,'08:00:09','17:04:19','2016-06-23'),(764,38,7.48,'08:09:02','15:37:54','2016-06-23'),(765,45,4.16,'08:10:41','12:20:21','2016-06-23'),(766,37,8.88,'08:12:21','17:04:59','2016-06-23'),(767,66,3.45,'08:28:31','11:55:18','2016-06-23'),(768,64,8,'08:37:01','16:36:43','2016-06-23'),(769,60,7.8,'08:40:20','16:28:15','2016-06-23'),(770,36,7.94,'08:50:02','16:46:41','2016-06-23'),(771,44,7.7,'08:50:30','16:32:26','2016-06-23'),(772,54,8.15,'08:58:29','17:07:37','2016-06-23'),(773,57,6.59,'09:01:52','15:37:27','2016-06-23'),(774,53,7.83,'09:15:00','17:04:35','2016-06-23'),(775,40,6.42,'09:55:55','16:21:13','2016-06-23'),(776,41,5.98,'10:11:25','16:09:59','2016-06-23'),(777,33,5.98,'10:11:51','16:10:24','2016-06-23'),(778,70,9.01,'08:00:00','17:00:18','2016-06-23'),(779,71,5.26,'08:30:20','13:45:52','2016-06-23'),(780,72,5.26,'08:30:00','13:45:30','2016-06-23'),(781,67,3.15,'13:49:25','16:58:39','2016-06-23'),(782,43,NULL,'15:54:34',NULL,'2016-06-23'),(783,55,9.4,'07:47:07','17:11:15','2016-06-24'),(784,70,9.17,'07:47:30','16:57:51','2016-06-24'),(785,64,4.07,'08:07:44','12:11:45','2016-06-24'),(786,45,9,'08:10:58','17:10:56','2016-06-24'),(787,36,8.99,'08:11:19','17:10:34','2016-06-24'),(788,37,3.88,'08:11:55','12:04:31','2016-06-24'),(789,69,3.88,'08:14:46','12:07:47','2016-06-24'),(790,66,3.28,'08:26:12','11:43:10','2016-06-24'),(791,44,NULL,'08:47:18',NULL,'2016-06-24'),(792,54,8.57,'08:54:26','17:28:36','2016-06-24'),(793,40,6.93,'09:02:33','15:58:32','2016-06-24'),(794,34,8.43,'09:04:53','17:30:31','2016-06-24'),(795,53,8.08,'09:07:28','17:12:16','2016-06-24'),(796,57,2.59,'09:29:37','12:04:54','2016-06-24'),(797,43,NULL,'09:38:52',NULL,'2016-06-24'),(798,38,6.47,'09:39:33','16:07:59','2016-06-24'),(799,41,7.33,'10:11:28','17:31:28','2016-06-24'),(800,32,23.5,NULL,NULL,NULL),(801,67,2.69,'14:01:06','16:42:39','2016-06-24'),(802,69,3.89,'08:07:55','12:01:32','2016-06-27'),(803,55,5.92,'08:09:42','14:04:58','2016-06-27'),(804,45,9.1,'08:10:40','17:16:24','2016-06-27'),(805,36,9.1,'08:11:00','17:16:50','2016-06-27'),(806,38,8.06,'08:12:31','16:15:53','2016-06-27'),(807,33,8.17,'08:14:10','16:24:25','2016-06-27'),(808,44,9.05,'08:24:50','17:27:40','2016-06-27'),(809,73,3.08,'08:27:12','11:31:51','2016-06-27'),(810,66,3.5,'08:29:33','11:59:43','2016-06-27'),(812,54,7.4,'08:51:21','16:15:16','2016-06-27'),(813,41,4.76,'09:15:08','14:00:27','2016-06-27'),(814,56,0.54,'09:40:17','10:12:31','2016-06-27'),(817,53,2.27,'10:02:27','12:18:27','2016-06-27'),(818,74,5.41,'11:01:11','16:25:43','2016-06-27'),(819,75,1.01,'11:01:33','12:02:14','2016-06-27'),(820,67,2.47,'13:57:04','16:25:00','2016-06-27'),(821,43,NULL,'16:24:00',NULL,'2016-06-27'),(822,55,9.43,'07:55:35','17:21:15','2016-06-28'),(823,31,0,'07:58:25','07:58:41','2016-06-28'),(824,37,9.33,'07:59:40','17:19:39','2016-06-28'),(825,31,0.16,'07:59:52','08:09:10','2016-06-28'),(826,36,9.32,'08:01:35','17:20:57','2016-06-28'),(827,45,9.31,'08:01:35','17:20:04','2016-06-28'),(828,31,0.01,'08:09:19','08:09:55','2016-06-28'),(829,31,0.21,'08:10:02','08:22:45','2016-06-28'),(830,75,3.77,'08:12:54','11:59:08','2016-06-28'),(831,69,3.74,'08:13:25','11:57:37','2016-06-28'),(832,74,3.75,'08:14:24','11:59:33','2016-06-28'),(833,31,NULL,'08:23:21',NULL,'2016-06-28'),(834,57,6.94,'08:28:06','15:24:42','2016-06-28'),(835,56,5,'08:30:42','13:30:40','2016-06-28'),(836,38,8.67,'08:40:13','17:20:24','2016-06-28'),(837,54,8.62,'08:42:25','17:19:52','2016-06-28'),(838,33,9.25,'09:00:26','18:15:38','2016-06-28'),(839,34,8.1,'09:31:22','17:37:21','2016-06-28'),(840,53,7.82,'09:31:38','17:20:36','2016-06-28'),(841,40,5.92,'09:47:48','15:43:17','2016-06-28'),(842,71,4.7,'09:48:21','14:30:34','2016-06-28'),(843,72,4.69,'09:48:46','14:30:09','2016-06-28'),(844,35,7.69,'10:37:51','18:19:13','2016-06-28'),(845,66,3.5,'08:30:00','12:00:00','2016-06-28'),(846,43,NULL,'11:11:21',NULL,'2016-06-28'),(847,67,2.02,'14:16:19','16:17:44','2016-06-28'),(848,37,0,'08:05:32','08:05:45','2016-06-29'),(849,37,8.63,'08:05:58','16:43:41','2016-06-29'),(850,55,6.9,'08:06:15','15:00:17','2016-06-29'),(851,33,8.99,'08:08:48','17:08:22','2016-06-29'),(852,74,3.87,'08:09:11','12:01:27','2016-06-29'),(853,75,3.87,'08:09:30','12:01:46','2016-06-29'),(854,69,3.86,'08:09:45','12:01:03','2016-06-29'),(855,66,4.09,'08:09:57','12:15:11','2016-06-29'),(856,45,8.88,'08:10:12','17:02:48','2016-06-29'),(857,35,NULL,'08:10:42',NULL,'2016-06-29'),(858,38,6.67,'08:16:09','14:56:04','2016-06-29'),(859,57,8.7,'08:16:26','16:58:23','2016-06-29'),(860,44,NULL,'08:23:00',NULL,'2016-06-29'),(861,36,8.49,'08:25:19','16:54:57','2016-06-29'),(862,54,7.96,'08:46:10','16:43:53','2016-06-29'),(863,40,NULL,'09:33:04',NULL,'2016-06-29'),(864,34,4.4,'09:42:41','14:06:33','2016-06-29'),(865,32,5.65,'09:43:34','15:22:45','2016-06-29'),(866,53,7.03,'09:55:15','16:56:49','2016-06-29'),(867,67,2.04,'13:59:32','16:02:09','2016-06-29'),(868,76,9,'08:00:00','17:00:00','2016-06-29'),(869,77,4,'13:00:00','17:00:00','2016-06-29'),(870,69,3.7,'08:07:40','11:49:54','2016-06-30'),(871,75,3.75,'08:12:42','11:57:59','2016-06-30'),(872,74,3.76,'08:13:02','11:58:21','2016-06-30'),(873,66,3.3,'08:29:34','11:47:32','2016-06-30'),(874,43,NULL,'08:54:46',NULL,'2016-06-30'),(875,44,NULL,'08:54:59',NULL,'2016-06-30'),(876,40,5.99,'09:38:08','15:37:49','2016-06-30'),(877,41,5.06,'09:51:27','14:55:14','2016-06-30'),(878,34,5.85,'10:05:29','15:56:24','2016-06-30'),(879,38,7.29,'10:41:22','17:58:52','2016-06-30'),(880,53,7.26,'10:43:54','17:59:45','2016-06-30'),(881,45,4.81,'10:44:07','15:32:43','2016-06-30'),(882,54,5.81,'10:44:21','16:32:58','2016-06-30'),(883,37,5.81,'10:44:34','16:33:11','2016-06-30'),(884,36,7.24,'10:44:51','17:59:23','2016-06-30'),(885,67,1.93,'14:02:48','15:58:28','2016-06-30'),(886,54,9.24,'07:53:55','17:08:33','2016-07-01'),(887,37,4.41,'07:59:09','12:24:01','2016-07-01'),(888,45,9.47,'08:04:37','17:32:57','2016-07-01'),(889,69,3.98,'08:11:17','12:10:01','2016-07-01'),(890,66,3.45,'08:21:55','11:48:52','2016-07-01'),(891,78,3.63,'08:40:27','12:18:23','2016-07-01'),(892,33,8.8,'08:41:31','17:29:30','2016-07-01'),(893,57,3.58,'08:49:19','12:24:15','2016-07-01'),(894,36,8.31,'08:50:13','17:08:57','2016-07-01'),(895,75,3.36,'08:55:18','12:17:06','2016-07-01'),(896,74,3.37,'08:55:49','12:18:00','2016-07-01'),(897,53,8.02,'09:27:47','17:29:11','2016-07-01'),(898,56,NULL,'09:56:48',NULL,'2016-07-01'),(899,40,5.4,'10:03:49','15:27:47','2016-07-01'),(900,34,6.92,'10:34:51','17:29:59','2016-07-01'),(901,75,0.01,'12:17:14','12:17:46','2016-07-01'),(902,38,4.19,'13:17:21','17:28:53','2016-07-01'),(903,67,1.93,'14:03:17','15:58:59','2016-07-01'),(904,33,9.33,'07:38:22','16:58:03','2016-07-04'),(905,55,6.46,'08:16:35','14:44:21','2016-07-04'),(906,79,8.9,'08:17:53','17:11:51','2016-07-04'),(908,66,3.4,'08:19:24','11:43:12','2016-07-04'),(909,54,4.92,'08:19:50','13:15:12','2016-07-04'),(910,78,4.03,'08:22:04','12:23:47','2016-07-04'),(911,80,NULL,'08:26:26',NULL,'2016-07-04'),(912,64,5.4,'08:16:10','13:40:16','2016-07-04'),(913,53,4.69,'08:33:17','13:14:48','2016-07-04'),(914,74,2.78,'08:55:57','11:42:55','2016-07-04'),(915,34,6.89,'09:38:19','16:31:40','2016-07-04'),(916,38,3.55,'09:42:55','13:15:39','2016-07-04'),(917,69,2.86,'09:08:26','12:00:00','2016-07-04'),(918,41,5.97,'10:11:48','16:09:44','2016-07-04'),(919,40,6.1,'10:22:51','16:29:06','2016-07-04'),(920,67,1.74,'14:16:30','16:01:02','2016-07-04'),(921,81,2,NULL,NULL,NULL),(922,81,2.11,'15:16:16','17:23:07','2016-07-04'),(923,50,4,'12:00:00','16:00:00','2016-06-20'),(924,50,4.88,'12:00:00','16:53:00','2016-07-04'),(925,33,11.47,'07:29:28','18:57:26','2016-07-05'),(926,50,9.35,'07:39:46','17:00:31','2016-07-05'),(927,54,9.74,'07:45:36','17:30:12','2016-07-05'),(928,55,8.47,'08:04:02','16:32:00','2016-07-05'),(929,79,4.03,'08:05:54','12:07:49','2016-07-05'),(930,74,3.96,'08:09:58','12:07:19','2016-07-05'),(931,78,3.85,'08:15:38','12:06:54','2016-07-05'),(932,69,3.83,'08:16:46','12:06:26','2016-07-05'),(933,38,9.07,'08:26:06','17:30:32','2016-07-05'),(934,45,8.82,'08:31:15','17:20:29','2016-07-05'),(935,36,8.83,'08:31:36','17:21:06','2016-07-05'),(936,75,3.52,'08:34:32','12:05:34','2016-07-05'),(937,53,8.33,'09:00:45','17:20:50','2016-07-05'),(938,34,0.08,'09:22:35','09:27:32','2016-07-05'),(939,34,NULL,'09:28:05',NULL,'2016-07-05'),(940,64,7.29,'09:33:09','16:50:36','2016-07-05'),(941,81,2.19,'09:56:45','12:08:11','2016-07-05'),(942,40,4.69,'10:04:18','14:45:29','2016-07-05'),(943,43,NULL,'10:19:14',NULL,'2016-07-05'),(944,41,3.94,'10:19:40','14:15:46','2016-07-05'),(946,67,NULL,'14:02:36',NULL,'2016-07-05'),(947,33,11.51,'07:08:59','18:39:48','2016-07-06'),(948,55,7.03,'07:30:52','14:32:35','2016-07-06'),(949,50,9.13,'07:52:53','17:00:37','2016-07-06'),(950,79,8.67,'07:57:46','16:37:49','2016-07-06'),(951,45,8.15,'08:12:18','16:21:24','2016-07-06'),(952,36,8.34,'08:14:52','16:35:23','2016-07-06'),(953,69,3.58,'08:20:16','11:55:01','2016-07-06'),(954,78,3.56,'08:22:33','11:56:16','2016-07-06'),(955,54,6.87,'08:40:46','15:33:14','2016-07-06'),(956,38,7.84,'08:52:35','16:43:00','2016-07-06'),(957,64,6.96,'08:58:36','15:56:09','2016-07-06'),(958,34,7.8,'08:59:41','16:47:34','2016-07-06'),(960,53,8.14,'09:16:06','17:24:23','2016-07-06'),(961,75,2.38,'09:30:46','11:53:48','2016-07-06'),(962,74,2.45,'09:15:10','11:41:59','2016-07-06'),(963,34,0,'16:47:35','16:47:35','2016-07-06'),(964,34,0,'16:47:35','16:47:35','2016-07-06'),(965,34,0,'16:47:36','16:47:36','2016-07-06'),(966,34,0,'16:47:36','16:47:36','2016-07-06'),(967,34,0,'16:47:36','16:47:36','2016-07-06'),(968,34,0,'16:47:37','16:47:37','2016-07-06'),(969,34,0,'16:47:37','16:47:37','2016-07-06'),(970,34,0,'16:47:37','16:47:37','2016-07-06'),(971,34,0,'16:47:37','16:47:38','2016-07-06'),(972,34,0,'16:47:38','16:47:38','2016-07-06'),(973,34,0,'16:47:38','16:47:49','2016-07-06'),(974,34,NULL,'16:52:00',NULL,'2016-07-06'),(975,33,7.74,'07:31:00','15:15:26','2016-07-07'),(976,54,9.42,'07:32:06','16:57:20','2016-07-07'),(977,38,9.19,'08:09:39','17:20:49','2016-07-07'),(978,78,3.82,'08:09:57','11:59:08','2016-07-07'),(979,55,8.45,'08:18:45','16:45:42','2016-07-07'),(980,45,8.98,'08:21:22','17:20:08','2016-07-07'),(981,64,5.75,'08:28:44','14:13:55','2016-07-07'),(982,75,3.16,'08:42:16','11:52:08','2016-07-07'),(983,74,3.07,'08:42:56','11:47:11','2016-07-07'),(984,79,3.33,'08:50:18','12:09:51','2016-07-07'),(985,53,8.06,'09:16:39','17:20:28','2016-07-07'),(986,36,7.39,'09:32:19','16:55:31','2016-07-07'),(987,41,5.4,'10:01:31','15:25:25','2016-07-07'),(988,40,5.14,'10:23:30','15:31:37','2016-07-07'),(989,67,0,'15:59:31','15:59:40','2016-07-07'),(990,50,4.36,'07:46:26','12:08:10','2016-07-08'),(991,38,3.64,'08:03:21','11:41:51','2016-07-08'),(992,78,0,'08:03:55','08:03:55','2016-07-08'),(993,78,3.82,'08:04:15','11:53:22','2016-07-08'),(994,82,NULL,'08:38:56',NULL,'2016-07-08'),(995,45,3.22,'08:39:21','11:52:39','2016-07-08'),(996,36,3.21,'08:40:33','11:52:57','2016-07-08'),(997,53,2.84,'09:02:10','11:52:20','2016-07-08'),(998,82,NULL,'07:25:25',NULL,'2016-07-11'),(999,55,6.63,'08:00:55','14:38:53','2016-07-11'),(1000,64,3.67,'08:31:24','12:11:32','2016-07-11'),(1001,79,8.71,'08:43:14','17:26:07','2016-07-11'),(1002,60,6.35,'08:50:02','15:10:54','2016-07-11'),(1003,54,6.66,'08:54:23','15:33:52','2016-07-11'),(1004,53,6.9,'09:07:49','16:01:56','2016-07-11'),(1005,46,0.05,'09:13:07','09:15:50','2016-07-11'),(1006,40,5.12,'09:58:11','15:05:29','2016-07-11'),(1007,33,6.1,'09:58:56','16:04:39','2016-07-11'),(1008,34,5.27,'09:59:56','15:16:00','2016-07-11'),(1009,41,4.22,'10:09:36','14:22:39','2016-07-11'),(1010,38,5.44,'10:35:17','16:01:44','2016-07-11'),(1011,50,4.72,'12:21:40','17:04:48','2016-07-11'),(1012,67,1.64,'14:03:16','15:41:31','2016-07-11'),(1013,46,NULL,'17:00:40',NULL,'2016-07-11'),(1014,55,8.6,'08:02:33','16:38:19','2016-07-12'),(1015,82,8.32,'08:10:55','16:30:22','2016-07-12'),(1016,83,1.95,'08:16:03','10:13:06','2016-07-12'),(1017,64,8.48,'08:28:39','16:57:10','2016-07-12'),(1018,46,7.85,'08:31:05','16:21:49','2016-07-12'),(1019,78,3.38,'08:35:18','11:58:08','2016-07-12'),(1020,60,5.25,'09:24:30','14:39:16','2016-07-12'),(1021,35,8.11,'09:25:34','17:32:12','2016-07-12'),(1022,53,7.47,'09:26:25','16:54:28','2016-07-12'),(1023,33,6.53,'09:44:15','16:15:59','2016-07-12'),(1024,38,7.13,'09:47:21','16:54:51','2016-07-12'),(1025,34,6.46,'10:02:35','16:30:04','2016-07-12'),(1026,40,4.99,'10:20:00','15:19:14','2016-07-12'),(1027,41,4.67,'10:20:34','15:00:28','2016-07-12'),(1028,67,1.91,'14:02:03','15:56:55','2016-07-12'),(1029,82,8.17,'08:40:36','16:50:42','2016-07-13'),(1030,35,10.49,'08:40:52','19:10:24','2016-07-13'),(1031,46,7.06,'08:49:32','15:53:08','2016-07-13'),(1032,54,7.78,'08:50:11','16:36:43','2016-07-13'),(1033,33,8.33,'08:55:09','17:15:06','2016-07-13'),(1034,60,7.51,'09:06:10','16:36:28','2016-07-13'),(1035,34,8.25,'09:08:06','17:23:01','2016-07-13'),(1036,38,5.22,'11:23:16','16:36:11','2016-07-13'),(1037,53,6.15,'11:23:37','17:32:51','2016-07-13'),(1038,67,2.44,'14:00:16','16:26:44','2016-07-13'),(1039,78,4.23,'07:58:13','12:12:01','2016-07-14'),(1040,54,7.89,'08:08:39','16:01:59','2016-07-14'),(1041,38,7.78,'08:15:59','16:02:31','2016-07-14'),(1042,55,7.59,'08:27:19','16:02:42','2016-07-14'),(1043,64,4.71,'08:41:58','13:24:23','2016-07-14'),(1044,60,7.86,'09:04:27','16:55:55','2016-07-14'),(1045,53,6.81,'09:13:55','16:02:17','2016-07-14'),(1046,46,6.58,'09:19:35','15:54:14','2016-07-14'),(1047,67,2.3,'13:55:34','16:13:18','2016-07-14'),(1048,82,9.29,'07:02:38','16:19:52','2016-07-15'),(1049,38,8.68,'07:37:25','16:18:15','2016-07-15'),(1050,54,9.18,'08:30:01','17:40:32','2016-07-15'),(1051,46,7.68,'08:30:59','16:12:01','2016-07-15'),(1052,55,8.84,'08:52:12','17:42:52','2016-07-15'),(1053,33,7.3,'09:08:17','16:26:03','2016-07-15'),(1054,41,NULL,'09:15:30',NULL,'2016-07-15'),(1055,40,5.6,'10:03:37','15:39:20','2016-07-15'),(1056,34,5.81,'11:06:44','16:55:25','2016-07-15'),(1057,67,2.09,'14:22:34','16:27:44','2016-07-15'),(1058,53,8.73,'09:00:05','17:44:00','2016-07-15'),(1059,82,8.92,'08:02:11','16:57:35','2016-07-18'),(1060,54,7.1,'08:59:51','16:05:35','2016-07-18'),(1061,53,6.58,'09:31:10','16:05:49','2016-07-18'),(1062,41,6.23,'09:49:44','16:03:42','2016-07-18'),(1063,67,2.15,'14:03:10','16:12:13','2016-07-18'),(1064,38,9.8,'07:42:06','17:30:21','2016-07-20'),(1065,82,NULL,'07:42:26',NULL,'2016-07-20'),(1066,60,NULL,'08:47:54',NULL,'2016-07-20'),(1067,54,8.56,'08:56:42','17:30:14','2016-07-20'),(1068,78,3.14,'09:03:01','12:11:19','2016-07-20'),(1069,34,8.13,'09:35:32','17:43:06','2016-07-20'),(1070,41,NULL,'09:43:48',NULL,'2016-07-20'),(1071,53,7.56,'09:56:19','17:30:03','2016-07-20'),(1072,38,8.54,'08:15:55','16:48:11','2016-07-21'),(1073,82,NULL,'08:16:28',NULL,'2016-07-21'),(1074,78,3.36,'08:38:08','12:00:00','2016-07-21'),(1075,32,6.12,'09:00:35','15:07:59','2016-07-21'),(1076,34,6.31,'09:02:19','15:21:04','2016-07-21'),(1077,54,7.61,'09:11:38','16:48:00','2016-07-21'),(1078,60,7.58,'09:11:52','16:46:32','2016-07-21'),(1079,53,8.08,'09:18:57','17:24:02','2016-07-21'),(1080,40,5.47,'10:20:18','15:48:17','2016-07-21'),(1081,67,1.33,'14:25:51','15:45:53','2016-07-21'),(1082,82,8.92,'08:08:46','17:03:50','2016-07-22'),(1083,38,8.59,'08:17:20','16:52:46','2016-07-22'),(1084,60,2.82,'08:27:48','11:17:16','2016-07-22'),(1085,54,7.98,'08:50:59','16:49:46','2016-07-22'),(1086,64,6.9,'09:15:49','16:09:49','2016-07-22'),(1087,32,NULL,'09:16:30',NULL,'2016-07-22'),(1088,41,5.53,'09:35:02','15:06:33','2016-07-22'),(1089,53,5.49,'11:44:41','17:13:56','2016-07-22'),(1090,67,1.37,'14:24:14','15:46:36','2016-07-22'),(1091,82,9.66,'07:06:16','16:45:38','2016-07-25'),(1092,40,8.45,'07:10:55','15:37:56','2016-07-25'),(1093,38,8.97,'07:42:26','16:40:38','2016-07-25'),(1094,55,6.8,'07:52:27','14:40:20','2016-07-25'),(1095,64,4.33,'08:55:01','13:14:48','2016-07-25'),(1096,60,7.43,'09:15:47','16:41:46','2016-07-25'),(1097,53,6.56,'10:14:08','16:48:00','2016-07-25'),(1098,41,6.15,'10:37:46','16:46:42','2016-07-25'),(1099,34,6.26,'10:38:29','16:53:55','2016-07-25'),(1100,50,1.75,'13:29:07','15:14:00','2016-07-25'),(1101,67,1.88,'14:08:18','16:01:03','2016-07-25'),(1102,50,0.01,'15:14:00','15:14:28','2016-07-25'),(1103,50,0.02,'15:14:28','15:15:31','2016-07-25'),(1104,50,0.01,'15:15:31','15:15:51','2016-07-25'),(1105,50,NULL,'15:15:51',NULL,'2016-07-25'),(1106,82,9.18,'07:32:27','16:43:14','2016-07-26'),(1107,38,4.16,'08:16:35','12:26:09','2016-07-26'),(1108,55,9.8,'08:16:48','18:05:00','2016-07-26'),(1109,53,7.81,'09:29:54','17:18:44','2016-07-26'),(1110,67,2.14,'13:53:34','16:02:00','2016-07-26'),(1111,84,1.95,'15:11:49','17:09:05','2016-07-26'),(1112,82,8.86,'07:53:51','16:45:32','2016-07-27'),(1113,50,8.96,'08:10:13','17:08:02','2016-07-27'),(1114,55,4,'08:00:00','12:00:00','2016-07-16'),(1115,55,6.42,'08:13:35','14:38:41','2016-07-27'),(1116,38,8.78,'08:25:01','17:12:05','2016-07-27'),(1117,53,7.93,'09:30:37','17:26:42','2016-07-27'),(1118,40,NULL,'10:04:20',NULL,'2016-07-27'),(1119,84,2.29,'14:38:26','16:55:50','2016-07-27'),(1120,67,0,'15:56:49','15:56:56','2016-07-27'),(1121,50,10.05,'07:01:09','17:03:56','2016-07-28'),(1122,82,9.28,'07:15:48','16:32:53','2016-07-28'),(1123,35,NULL,'07:16:13',NULL,'2016-07-28'),(1124,38,7.28,'07:52:52','15:09:56','2016-07-28'),(1125,55,8.77,'07:55:24','16:41:44','2016-07-28'),(1126,54,8.31,'08:22:52','16:41:30','2016-07-28'),(1127,60,7.33,'08:54:09','16:13:45','2016-07-28'),(1128,53,8.02,'09:01:34','17:03:03','2016-07-28'),(1129,40,5.8,'10:20:25','16:08:40','2016-07-28'),(1130,67,1.54,'13:56:20','15:28:52','2016-07-28'),(1131,84,2.65,'14:49:12','17:28:23','2016-07-28'),(1132,82,9.59,'07:01:08','16:36:31','2016-07-29'),(1133,50,9.31,'07:21:05','16:39:25','2016-07-29'),(1134,38,5.8,'08:37:28','14:25:12','2016-07-29'),(1135,54,8.4,'08:57:00','17:20:43','2016-07-29'),(1136,53,8.07,'09:16:01','17:20:27','2016-07-29'),(1137,34,6.97,'09:18:05','16:16:13','2016-07-29'),(1138,40,5.52,'10:09:09','15:40:27','2016-07-29'),(1139,84,4.37,'13:00:22','17:22:43','2016-07-29'),(1140,82,9.08,'07:33:03','16:37:35','2016-08-02'),(1141,55,8.61,'07:34:22','16:10:59','2016-08-02'),(1142,38,8.57,'07:36:56','16:11:23','2016-08-02'),(1143,50,8.96,'08:07:39','17:05:23','2016-08-02'),(1144,54,7.47,'08:42:43','16:11:10','2016-08-02'),(1145,64,6.17,'08:50:28','15:00:30','2016-08-02'),(1146,53,6.74,'09:26:07','16:10:42','2016-08-02'),(1147,41,4.55,'09:46:25','14:19:09','2016-08-02'),(1148,34,5.51,'10:50:25','16:21:03','2016-08-02'),(1149,67,1.64,'14:23:17','16:01:27','2016-08-02'),(1150,82,9.49,'07:04:46','16:34:09','2016-08-03'),(1151,55,7.36,'07:20:55','14:42:37','2016-08-03'),(1152,50,9.28,'07:44:09','17:01:12','2016-08-03'),(1153,56,NULL,'08:30:11',NULL,'2016-08-03'),(1154,33,8.41,'08:36:00','17:00:47','2016-08-03'),(1155,53,7.74,'09:24:51','17:09:32','2016-08-03'),(1156,67,0.66,'14:15:07','14:54:40','2016-08-03'),(1157,50,NULL,'17:01:44',NULL,'2016-08-03'),(1158,82,9.64,'07:00:51','16:39:00','2016-08-04'),(1159,50,9.02,'07:35:17','16:36:28','2016-08-04'),(1160,55,9.19,'07:45:29','16:56:49','2016-08-04'),(1161,38,7.37,'08:08:22','15:30:40','2016-08-04'),(1162,33,8.32,'08:11:59','16:31:16','2016-08-04'),(1163,54,8.42,'08:31:08','16:56:30','2016-08-04'),(1164,85,7,NULL,NULL,NULL),(1165,85,7.64,'08:52:43','16:30:54','2016-08-04'),(1166,53,9.06,'08:56:27','18:00:00','2016-08-04'),(1167,41,4.82,'09:46:25','14:35:49','2016-08-04'),(1168,67,0.91,'14:29:06','15:23:28','2016-08-04'),(1169,55,NULL,'16:56:49',NULL,'2016-08-04'),(1170,50,9.89,'07:18:44','17:11:57','2016-08-05'),(1171,55,6.54,'07:42:47','14:15:09','2016-08-05'),(1172,33,8.99,'08:13:08','17:12:26','2016-08-05'),(1173,85,8.47,'08:41:58','17:10:18','2016-08-05'),(1174,54,7.43,'09:11:18','16:37:06','2016-08-05'),(1175,67,1.15,'14:28:12','15:36:55','2016-08-05'),(1176,82,9.86,'06:56:33','16:48:20','2016-08-08'),(1177,38,7.5,'07:43:37','15:13:28','2016-08-08'),(1178,55,6.87,'07:43:50','14:35:53','2016-08-08'),(1179,53,7.57,'09:23:01','16:57:04','2016-08-08'),(1180,41,5.26,'09:54:27','15:10:12','2016-08-08'),(1181,40,5.8,'10:05:50','15:53:36','2016-08-08'),(1182,50,6.8,'10:24:24','17:12:10','2016-08-08'),(1183,67,1.43,'14:09:53','15:35:54','2016-08-08'),(1184,84,NULL,'17:25:58',NULL,'2016-08-08'),(1185,82,9.92,'07:00:54','16:56:08','2016-08-09'),(1186,50,9.99,'07:04:33','17:04:08','2016-08-09'),(1187,55,9.51,'08:01:16','17:31:47','2016-08-09'),(1188,38,9.06,'08:01:26','17:05:15','2016-08-09'),(1189,54,8.81,'08:40:10','17:28:57','2016-08-09'),(1190,33,7.65,'09:16:42','16:55:29','2016-08-09'),(1191,53,7.87,'09:36:58','17:29:12','2016-08-09'),(1192,34,6.67,'09:37:12','16:17:38','2016-08-09'),(1193,40,5.72,'10:20:21','16:03:45','2016-08-09'),(1194,43,NULL,'10:35:11',NULL,'2016-08-09'),(1195,67,1.89,'14:04:26','15:57:35','2016-08-09'),(1196,85,2.84,'14:04:45','16:55:11','2016-08-09'),(1197,82,9.83,'07:01:41','16:51:22','2016-08-11'),(1198,50,9.53,'07:12:07','16:44:01','2016-08-11'),(1199,55,9.06,'08:13:54','17:17:13','2016-08-11'),(1200,85,7.78,'08:55:07','16:42:11','2016-08-11'),(1201,33,7.77,'08:56:20','16:42:25','2016-08-11'),(1202,54,8.01,'09:15:56','17:16:33','2016-08-11'),(1203,53,8.2,'09:32:33','17:44:42','2016-08-11'),(1204,41,4.22,'09:36:41','13:49:45','2016-08-11'),(1205,38,6.35,'10:55:34','17:16:19','2016-08-11'),(1206,34,5.03,'11:25:34','16:27:11','2016-08-11'),(1207,67,2.16,'14:04:14','16:13:58','2016-08-11'),(1208,35,2.54,'14:08:43','16:40:56','2016-08-11'),(1209,40,NULL,'16:15:51',NULL,'2016-08-11'),(1210,86,8,NULL,NULL,NULL),(1211,55,4.51,'07:26:21','11:56:56','2016-08-12'),(1212,50,8.96,'07:52:28','16:49:49','2016-08-12'),(1213,38,4.02,'07:55:09','11:56:24','2016-08-12'),(1214,46,8.83,'08:21:14','17:10:48','2016-08-12'),(1216,86,8.93,'08:41:34','17:37:08','2016-08-12'),(1217,33,6.63,'08:46:23','15:24:21','2016-08-12'),(1218,85,6.63,'08:46:53','15:24:36','2016-08-12'),(1219,54,2.97,'08:58:39','11:56:36','2016-08-12'),(1220,40,6.13,'09:25:22','15:33:06','2016-08-12'),(1221,53,8.19,'09:32:58','17:44:30','2016-08-12'),(1222,34,1.79,'13:51:16','15:38:38','2016-08-12'),(1223,67,1.57,'14:05:37','15:39:31','2016-08-12'),(1224,55,6.21,'08:22:06','14:34:33','2016-08-15'),(1225,53,8.09,'09:06:37','17:11:49','2016-08-15'),(1226,41,5.03,'10:00:15','15:01:51','2016-08-15'),(1227,33,9.75,'08:14:57','18:00:00','2016-08-16'),(1228,55,8.33,'08:45:56','17:05:56','2016-08-16'),(1229,53,NULL,'17:16:49',NULL,'2016-08-16'),(1230,33,9.96,'07:40:25','17:37:50','2016-08-17'),(1231,46,8.21,'08:50:23','17:03:03','2016-08-17'),(1232,53,7.46,'09:49:30','17:17:14','2016-08-17'),(1233,41,5.03,'09:55:50','14:57:43','2016-08-17'),(1234,85,7.17,'10:27:25','17:37:36','2016-08-17'),(1235,35,3.27,'14:22:22','17:38:18','2016-08-17'),(1236,67,2.61,'14:23:00','16:59:23','2016-08-17'),(1237,46,7.4,'08:40:17','16:04:09','2016-08-18'),(1238,33,8.99,'09:00:49','18:00:00','2016-08-18'),(1239,53,0.18,'09:10:34','09:21:13','2016-08-18'),(1240,85,6.23,'09:33:31','15:47:17','2016-08-18'),(1241,35,NULL,'09:47:18',NULL,'2016-08-18'),(1242,41,NULL,'10:07:20',NULL,'2016-08-18'),(1243,50,5.41,'11:39:02','17:03:45','2016-08-18'),(1244,50,7.97,'08:29:57','16:28:05','2016-08-19'),(1245,46,8.41,'08:40:36','17:05:16','2016-08-19'),(1246,33,8.33,'09:27:34','17:47:11','2016-08-19'),(1247,53,7.74,'09:44:25','17:28:41','2016-08-19'),(1248,67,2.09,'14:41:18','16:46:34','2016-08-19'),(1249,33,9.43,'08:31:28','17:57:20','2016-08-22'),(1250,53,8.08,'09:37:49','17:42:39','2016-08-22'),(1251,40,0,'09:52:56','09:52:56','2016-08-22'),(1252,41,5.03,'10:32:45','15:34:18','2016-08-22'),(1253,35,6.88,'11:15:15','18:07:56','2016-08-22'),(1254,53,7.5,'09:31:46','17:01:36','2016-08-23'),(1255,33,8.43,'09:34:19','18:00:00','2016-08-23'),(1256,35,NULL,'09:53:23',NULL,'2016-08-23'),(1257,53,8,'09:03:15','17:03:16','2016-08-24'),(1258,35,NULL,'10:06:36',NULL,'2016-08-24'),(1259,67,1.07,'14:31:16','15:35:13','2016-08-24'),(1260,53,8.32,'09:35:21','17:54:21','2016-08-25'),(1261,33,7.25,'09:52:38','17:07:51','2016-08-25'),(1262,85,6.33,'09:52:55','16:12:41','2016-08-25'),(1263,41,4.98,'10:12:23','15:11:18','2016-08-25'),(1264,35,NULL,'11:01:52',NULL,'2016-08-25'),(1265,53,8.2,'09:26:04','17:38:11','2016-08-26'),(1266,40,NULL,'09:53:49',NULL,'2016-08-26'),(1267,67,1.35,'14:35:50','15:56:55','2016-08-26'),(1268,53,8.29,'09:31:38','17:49:15','2016-08-29'),(1269,33,7.76,'09:55:47','17:41:07','2016-08-29'),(1270,33,8.92,'09:04:32','18:00:00','2016-08-30'),(1271,32,NULL,'09:16:06',NULL,'2016-08-30'),(1272,53,7.69,'09:40:34','17:21:48','2016-08-30'),(1273,41,4.79,'09:49:00','14:36:21','2016-08-30'),(1274,53,6.82,'09:23:06','16:12:26','2016-08-31'),(1275,67,1.35,'14:26:17','15:47:09','2016-08-31'),(1276,33,9.5,'07:30:00','17:00:00','2016-08-31'),(1277,33,10.16,'07:59:01','18:08:21','2016-09-01'),(1278,53,8.51,'09:20:11','17:50:53','2016-09-01'),(1279,53,7.38,'09:20:55','16:43:35','2016-09-02'),(1280,33,4.12,'09:25:41','13:32:40','2016-09-02'),(1281,87,75,NULL,NULL,NULL),(1282,67,1.32,'14:23:51','15:42:55','2016-09-02'),(1283,41,3.84,'10:00:08','13:50:35','2016-09-05'),(1284,53,NULL,'10:00:21',NULL,'2016-09-05'),(1285,87,0,'10:13:03','10:13:12','2016-09-05'),(1286,88,80,NULL,NULL,NULL),(1287,89,89,NULL,NULL,NULL),(1288,90,73.5,NULL,NULL,NULL),(1289,90,6.13,'09:52:30','16:00:10','2016-09-06'),(1290,91,2,NULL,NULL,NULL),(1291,91,7.05,'09:55:52','16:58:39','2016-09-06'),(1292,88,5.99,'09:58:37','15:58:01','2016-09-06'),(1293,89,5.99,'09:59:11','15:58:31','2016-09-06'),(1294,87,6.13,'09:59:33','16:07:30','2016-09-06'),(1295,53,6.78,'10:11:38','16:58:19','2016-09-06'),(1296,35,NULL,'05:57:20',NULL,'2016-09-07'),(1297,33,NULL,'05:57:36',NULL,'2016-09-07'),(1298,91,8.03,'08:01:43','16:03:47','2016-09-07'),(1299,46,4.93,'08:31:29','13:27:28','2016-09-07'),(1300,90,7.32,'08:54:58','16:13:58','2016-09-07'),(1301,87,7.21,'09:03:38','16:16:15','2016-09-07'),(1302,89,7.17,'09:06:31','16:16:47','2016-09-07'),(1303,88,6.54,'09:44:15','16:16:34','2016-09-07'),(1304,53,6.76,'09:54:18','16:40:08','2016-09-07'),(1305,67,1.5,'14:27:29','15:57:13','2016-09-07'),(1306,90,7.03,'08:41:25','15:43:21','2016-09-08'),(1307,46,7.8,'08:49:04','16:36:58','2016-09-08'),(1308,88,7.18,'08:57:56','16:08:44','2016-09-08'),(1309,89,7.06,'09:05:41','16:09:05','2016-09-08'),(1310,87,6.79,'09:21:46','16:09:22','2016-09-08'),(1311,81,5.88,'09:35:14','15:27:44','2016-09-08'),(1312,41,5.09,'09:47:50','14:53:24','2016-09-08'),(1313,53,NULL,'09:55:43',NULL,'2016-09-08'),(1314,33,NULL,'14:18:35',NULL,'2016-09-08'),(1315,94,7,NULL,NULL,NULL),(1316,46,7.92,'08:45:16','16:40:29','2016-09-09'),(1317,88,7.72,'08:52:58','16:35:52','2016-09-09'),(1318,87,7.6,'09:00:19','16:36:21','2016-09-09'),(1319,89,7.54,'09:03:56','16:36:08','2016-09-09'),(1320,53,8.06,'09:05:55','17:09:45','2016-09-09'),(1321,33,6.7,'10:55:33','17:37:47','2016-09-09'),(1322,32,2.14,'12:49:18','14:57:41','2016-09-09'),(1323,67,2.03,'14:21:36','16:23:19','2016-09-09'),(1324,35,3.69,'14:24:59','18:06:38','2016-09-09'),(1325,67,NULL,'16:23:19',NULL,'2016-09-09'),(1326,33,9.17,'08:26:10','17:36:34','2016-09-12'),(1327,90,7.38,'08:51:31','16:14:18','2016-09-12'),(1328,88,7.38,'08:53:02','16:15:57','2016-09-12'),(1329,89,7.21,'09:04:37','16:17:03','2016-09-12'),(1330,87,7.03,'09:13:35','16:15:25','2016-09-12'),(1331,95,86,NULL,NULL,NULL),(1332,89,7.19,'09:14:56','16:26:18','2016-09-13'),(1333,87,7.18,'09:15:27','16:26:01','2016-09-13'),(1334,88,6.27,'10:09:29','16:25:43','2016-09-13'),(1335,95,6.49,'09:00:00','15:29:31','2016-09-13'),(1336,67,0,'15:41:13','15:41:13','2016-09-13'),(1337,67,NULL,'15:41:33',NULL,'2016-09-13'),(1338,33,5.77,'08:48:30','14:34:32','2016-09-16'),(1339,32,0.01,'09:41:57','09:42:25','2016-09-16'),(1340,67,1.33,'14:04:49','15:24:52','2016-09-16'),(1341,95,6.17,'08:59:56','15:09:51','2016-09-19'),(1342,88,7.1,'09:00:23','16:06:11','2016-09-19'),(1343,41,4.64,'09:00:45','13:39:16','2016-09-19'),(1344,89,6.9,'09:12:32','16:06:26','2016-09-19'),(1345,87,6.81,'09:17:51','16:06:42','2016-09-19'),(1346,43,NULL,'11:51:25',NULL,'2016-09-19'),(1347,95,6.53,'09:00:35','15:32:24','2016-09-20'),(1348,87,7.31,'09:00:55','16:19:29','2016-09-20'),(1349,88,7.21,'09:01:12','16:13:34','2016-09-20'),(1350,89,6.63,'09:36:06','16:14:01','2016-09-20'),(1351,96,60,NULL,NULL,NULL),(1352,96,8.08,'08:55:26','17:00:00','2016-09-21'),(1353,95,5.72,'09:04:29','14:47:31','2016-09-21'),(1354,89,7.27,'09:14:35','16:30:29','2016-09-21'),(1355,87,7.19,'09:18:50','16:30:09','2016-09-21'),(1356,33,NULL,'10:12:41',NULL,'2016-09-21'),(1357,35,6.3,'10:13:05','16:31:04','2016-09-21'),(1358,88,3.77,'12:44:21','16:30:47','2016-09-21'),(1359,33,7.55,'10:01:48','17:34:45','2016-09-22'),(1360,87,3.29,'13:01:39','16:19:18','2016-09-22'),(1361,88,2.87,'13:26:51','16:19:01','2016-09-22'),(1362,96,4.9,'10:30:00','15:24:00','2016-09-22'),(1363,33,6.56,'08:03:18','14:36:40','2016-09-23'),(1364,89,7.15,'08:04:32','15:13:31','2016-09-23'),(1365,96,8.61,'08:42:21','17:18:59','2016-09-23'),(1366,95,6.23,'08:59:31','15:13:06','2016-09-23'),(1367,90,7.47,'09:00:31','16:28:51','2016-09-23'),(1368,46,160,NULL,NULL,NULL),(1369,35,5.73,'11:43:35','17:27:34','2016-09-23'),(1370,67,1.41,'14:23:20','15:47:51','2016-09-23'),(1371,97,28,NULL,NULL,NULL),(1372,98,28,NULL,NULL,NULL),(1373,90,8.06,'08:23:14','16:26:54','2016-09-26'),(1374,95,6.62,'08:49:22','15:26:21','2016-09-26'),(1375,33,9.04,'08:50:44','17:53:10','2016-09-26'),(1376,89,7.2,'09:12:28','16:24:21','2016-09-26'),(1377,87,7.08,'09:19:19','16:24:06','2016-09-26'),(1378,41,4.8,'10:02:33','14:50:22','2016-09-26'),(1379,95,NULL,'08:19:48',NULL,'2016-09-27'),(1380,33,8.8,'08:25:29','17:13:16','2016-09-27'),(1381,90,8.7,'08:35:27','17:17:36','2016-09-27'),(1382,96,8.22,'08:48:40','17:01:57','2016-09-27'),(1383,89,6.89,'08:53:27','15:47:05','2016-09-27'),(1384,87,6.7,'09:02:16','15:44:33','2016-09-27'),(1385,88,6.42,'09:19:23','15:44:17','2016-09-27'),(1386,41,4.87,'10:00:28','14:52:50','2016-09-27'),(1387,97,3.86,'13:39:08','17:30:39','2016-09-27'),(1388,98,3.85,'13:39:25','17:30:14','2016-09-27'),(1389,35,2.09,'15:02:36','17:07:51','2016-09-27'),(1390,90,6.95,'08:31:41','15:28:32','2016-09-28'),(1391,95,6.68,'08:41:11','15:22:12','2016-09-28'),(1392,35,8.92,'08:41:27','17:36:54','2016-09-28'),(1393,96,8.24,'08:42:46','16:57:18','2016-09-28'),(1394,89,0,'09:16:10','09:16:10','2016-09-28'),(1395,87,6.1,'09:16:29','15:22:23','2016-09-28'),(1396,33,8.05,'09:43:31','17:46:32','2016-09-28'),(1397,97,4.53,'12:14:04','16:46:07','2016-09-28'),(1398,98,4.52,'12:14:22','16:45:43','2016-09-28'),(1399,89,NULL,'15:26:15',NULL,'2016-09-28'),(1400,35,NULL,'08:53:50',NULL,'2016-09-29'),(1401,33,9.7,'08:55:11','18:37:23','2016-09-29'),(1402,96,4.7,'10:40:18','15:22:01','2016-09-29'),(1403,98,4.27,'12:38:35','16:54:47','2016-09-29'),(1404,97,4.27,'12:38:49','16:55:08','2016-09-29'),(1405,90,NULL,'08:42:31',NULL,'2016-09-30'),(1406,35,NULL,'08:48:24',NULL,'2016-09-30'),(1407,88,NULL,'08:51:06',NULL,'2016-09-30'),(1408,89,NULL,'09:07:36',NULL,'2016-09-30'),(1409,96,7.48,'09:31:28','17:00:00','2016-09-30'),(1410,33,NULL,'09:36:23',NULL,'2016-09-30'),(1411,97,NULL,'13:41:47',NULL,'2016-09-30'),(1412,98,NULL,'13:42:00',NULL,'2016-09-30'),(1413,67,1.96,'13:55:59','15:53:40','2016-09-30'),(1414,88,7.87,'08:26:15','16:18:41','2016-10-03'),(1415,90,7.87,'08:26:42','16:18:55','2016-10-03'),(1416,87,6.89,'09:25:03','16:18:12','2016-10-03'),(1417,35,0.02,'19:09:51','19:11:15','2016-10-03'),(1418,89,9.29,'06:50:29','16:07:45','2016-10-04'),(1419,87,9.28,'06:50:39','16:07:29','2016-10-04'),(1420,96,8.53,'08:43:07','17:14:41','2016-10-04'),(1421,102,3.57,'12:46:26','16:20:20','2016-10-04'),(1422,103,0,'13:22:30','13:22:30','2016-10-04'),(1423,103,3.93,'13:22:51','17:18:27','2016-10-04'),(1424,97,3.93,'13:37:33','17:33:17','2016-10-04'),(1425,98,3.92,'13:37:56','17:32:52','2016-10-04'),(1427,95,5.97,'08:44:50','14:43:00','2016-10-05'),(1428,90,8.95,'08:45:13','17:41:59','2016-10-05'),(1429,33,8.71,'08:55:30','17:37:57','2016-10-05'),(1430,88,7.26,'09:14:48','16:30:31','2016-10-05'),(1431,89,7.25,'09:15:00','16:30:15','2016-10-05'),(1432,87,7.2,'09:15:15','16:27:16','2016-10-05'),(1433,41,4.78,'09:15:46','14:02:20','2016-10-05'),(1434,96,NULL,'09:30:18',NULL,'2016-10-05'),(1435,64,7.53,'09:41:26','17:13:09','2016-10-05'),(1436,102,5.27,'10:09:31','15:25:34','2016-10-05'),(1437,35,NULL,'12:18:08',NULL,'2016-10-05'),(1438,97,4.38,'12:21:46','16:44:50','2016-10-05'),(1439,98,4.38,'12:21:59','16:45:02','2016-10-05'),(1440,103,4,'13:04:46','17:04:54','2016-10-05'),(1441,90,8.39,'08:27:56','16:51:09','2016-10-06'),(1442,88,6.77,'09:01:46','15:48:12','2016-10-06'),(1443,95,4.79,'09:03:43','13:51:17','2016-10-06'),(1444,89,6.82,'09:04:09','15:53:05','2016-10-06'),(1445,87,6.74,'09:04:21','15:48:37','2016-10-06'),(1446,41,5.29,'09:37:21','14:54:45','2016-10-06'),(1447,33,7.57,'10:01:41','17:35:55','2016-10-06'),(1448,96,5.62,'10:12:24','15:49:42','2016-10-06'),(1449,102,6.38,'10:58:39','17:21:43','2016-10-06'),(1450,97,5.4,'11:57:41','17:21:26','2016-10-06'),(1451,98,5.09,'11:57:55','17:03:15','2016-10-06'),(1452,103,3.92,'13:07:51','17:02:49','2016-10-06'),(1453,35,4.46,'13:08:26','17:36:19','2016-10-06'),(1454,33,4.65,'08:18:03','12:57:11','2016-10-07'),(1455,89,8.15,'08:19:06','16:28:13','2016-10-07'),(1456,90,7.01,'08:37:19','15:38:04','2016-10-07'),(1457,87,7.44,'09:01:10','16:27:40','2016-10-07'),(1458,96,7.81,'09:01:25','16:50:10','2016-10-07'),(1459,95,6.1,'09:04:56','15:11:08','2016-10-07'),(1460,88,6.88,'09:35:23','16:27:57','2016-10-07'),(1461,35,5.68,'12:13:13','17:53:59','2016-10-07'),(1462,103,0.96,'14:13:26','15:10:58','2016-10-07'),(1463,103,NULL,'15:42:55',NULL,'2016-10-07'),(1464,100,NULL,'08:00:38',NULL,'2016-10-10'),(1465,101,NULL,'08:00:02',NULL,'2016-10-10'),(1466,100,9,'08:00:00','17:00:00','2016-10-04'),(1467,101,9,'08:00:00','17:00:00','2016-10-04'),(1468,96,2.87,'08:57:21','11:49:36','2016-10-10'),(1469,33,NULL,'09:01:39',NULL,'2016-10-10'),(1470,90,NULL,'09:02:36',NULL,'2016-10-10'),(1471,87,NULL,'09:27:20',NULL,'2016-10-10'),(1472,89,NULL,'09:28:33',NULL,'2016-10-10'),(1473,102,NULL,'09:31:50',NULL,'2016-10-10'),(1474,88,NULL,'09:37:33',NULL,'2016-10-10'),(1475,44,NULL,'08:55:39',NULL,'2016-10-11'),(1476,64,7.48,'09:02:24','16:30:57','2016-10-11'),(1477,90,8.69,'09:02:49','17:44:14','2016-10-11'),(1478,96,7.99,'09:03:47','17:02:53','2016-10-11'),(1479,87,6.61,'09:16:17','15:53:02','2016-10-11'),(1480,88,6.61,'09:16:27','15:53:15','2016-10-11'),(1481,101,6.74,'09:18:37','16:03:07','2016-10-11'),(1482,41,6.05,'09:36:46','15:39:51','2016-10-11'),(1483,102,5.26,'11:45:37','17:00:57','2016-10-11'),(1484,99,4,'08:00:00','12:00:00','2016-10-04'),(1485,99,4,'08:00:00','12:00:00','2016-10-10'),(1486,98,4.16,'13:46:30','17:56:06','2016-10-11'),(1487,97,4.15,'13:46:42','17:55:50','2016-10-11'),(1488,102,6.52,'09:15:28','15:46:55','2016-10-12'),(1489,35,NULL,'09:22:39',NULL,'2016-10-12'),(1490,64,0,'09:27:24','09:27:24','2016-10-12'),(1491,87,5.74,'09:31:23','15:15:59','2016-10-12'),(1492,89,5.73,'09:31:33','15:15:22','2016-10-12'),(1493,95,5.01,'09:32:40','14:33:26','2016-10-12'),(1494,96,6.96,'09:33:12','16:30:30','2016-10-12'),(1495,90,6.7,'09:33:28','16:15:40','2016-10-12'),(1496,88,5.43,'09:49:59','15:15:40','2016-10-12'),(1497,41,5.35,'10:00:26','15:21:15','2016-10-12'),(1498,97,NULL,'13:10:43',NULL,'2016-10-12'),(1499,98,NULL,'13:10:53',NULL,'2016-10-12'),(1500,64,NULL,'16:44:17',NULL,'2016-10-12'),(1501,90,NULL,'08:49:03',NULL,'2016-10-13'),(1502,95,NULL,'09:05:05',NULL,'2016-10-13'),(1503,89,NULL,'09:05:17',NULL,'2016-10-13'),(1504,88,NULL,'09:06:50',NULL,'2016-10-13'),(1505,87,NULL,'09:23:14',NULL,'2016-10-13'),(1506,41,NULL,'09:44:57',NULL,'2016-10-13'),(1507,96,NULL,'10:19:07',NULL,'2016-10-13'),(1508,102,NULL,'11:41:15',NULL,'2016-10-13'),(1509,97,NULL,'12:19:07',NULL,'2016-10-13'),(1510,98,NULL,'12:19:18',NULL,'2016-10-13');
/*!40000 ALTER TABLE `trabajar` ENABLE KEYS */;
UNLOCK TABLES;
/*!40103 SET TIME_ZONE=@OLD_TIME_ZONE */;

/*!40101 SET SQL_MODE=@OLD_SQL_MODE */;
/*!40014 SET FOREIGN_KEY_CHECKS=@OLD_FOREIGN_KEY_CHECKS */;
/*!40014 SET UNIQUE_CHECKS=@OLD_UNIQUE_CHECKS */;
/*!40101 SET CHARACTER_SET_CLIENT=@OLD_CHARACTER_SET_CLIENT */;
/*!40101 SET CHARACTER_SET_RESULTS=@OLD_CHARACTER_SET_RESULTS */;
/*!40101 SET COLLATION_CONNECTION=@OLD_COLLATION_CONNECTION */;
/*!40111 SET SQL_NOTES=@OLD_SQL_NOTES */;

-- Dump completed on 2016-10-13 13:46:29
